,timestamp,product,price,clicks,region,device_type,user_age,session_time,is_returning_user,value
0,2025-04-13 19:22:29,Laptop,1545.07,6,North,Desktop,33,12.31,True,high
1,2025-04-13 19:22:29,Smartphone,842.56,7,North,Desktop,24,6.09,False,low
2,2025-04-13 19:22:29,Laptop,10.0,5,West,Mobile,42,29.74,True,low
3,2025-04-13 19:22:29,Smartphone,10.0,6,North,Mobile,19,7.34,False,low
4,2025-04-13 19:22:29,Keyboard,10.0,8,West,Mobile,37,3.94,False,low
5,2025-04-13 19:22:29,Laptop,10.0,8,South,Desktop,41,13.06,True,low
6,2025-04-13 19:22:29,Smartphone,10.0,9,South,Tablet,31,1.27,True,low
7,2025-04-13 19:22:29,Laptop,1993.39,6,West,Mobile,36,3.77,False,high
8,2025-04-13 19:22:29,Keyboard,165.53,6,East,Desktop,35,26.55,False,low
9,2025-04-13 19:22:29,Keyboard,203.73,10,North,Tablet,38,1.0,True,low
10,2025-04-13 19:22:29,Keyboard,10.0,10,East,Desktop,39,6.88,False,low
11,2025-04-13 19:22:29,Monitor,10.0,4,South,Desktop,32,1.57,True,low
12,2025-04-13 19:22:29,Smartphone,639.82,9,East,Tablet,34,18.04,False,low
13,2025-04-13 19:22:29,Laptop,10.0,3,West,Mobile,18,10.36,False,low
14,2025-04-13 19:22:29,Monitor,418.17,8,South,Mobile,24,16.99,True,high
15,2025-04-13 19:22:29,Monitor,1419.58,12,North,Desktop,38,1.0,True,high
16,2025-04-13 19:22:29,Smartphone,474.83,11,South,Mobile,20,4.58,True,low
17,2025-04-13 19:22:29,Keyboard,10.0,11,South,Desktop,22,28.21,False,low
18,2025-04-13 19:22:29,Laptop,613.8,12,South,Desktop,43,9.55,False,high
19,2025-04-13 19:22:29,Headphones,30.27,17,East,Mobile,36,1.0,False,low
20,2025-04-13 19:22:29,Keyboard,377.2,3,East,Mobile,18,17.29,False,low
21,2025-04-13 19:22:29,Headphones,10.0,5,South,Mobile,63,10.15,True,low
22,2025-04-13 19:22:29,Keyboard,10.0,4,East,Desktop,37,32.87,False,low
23,2025-04-13 19:22:29,Keyboard,159.86,7,West,Mobile,60,5.44,False,low
24,2025-04-13 19:22:29,Smartphone,10.0,3,West,Mobile,19,1.0,True,low
25,2025-04-13 19:22:29,Laptop,1961.95,6,South,Desktop,53,1.0,False,high
26,2025-04-13 19:22:29,Headphones,308.25,6,North,Mobile,18,8.81,False,low
27,2025-04-13 19:22:29,Headphones,152.43,9,East,Tablet,38,1.0,False,low
28,2025-04-13 19:22:29,Laptop,2127.49,5,North,Desktop,29,20.99,False,high
29,2025-04-13 19:22:29,Monitor,464.81,12,East,Mobile,30,23.28,False,high
30,2025-04-13 19:22:29,Headphones,281.1,5,North,Tablet,35,3.85,False,low
31,2025-04-13 19:22:29,Monitor,682.61,9,South,Mobile,18,21.87,True,high
32,2025-04-13 19:22:29,Monitor,10.0,6,South,Mobile,31,17.25,False,low
33,2025-04-13 19:22:29,Keyboard,64.81,9,North,Mobile,38,5.52,False,low
34,2025-04-13 19:22:29,Laptop,346.51,4,East,Desktop,34,13.71,False,low
35,2025-04-13 19:22:29,Monitor,194.44,5,South,Mobile,35,49.57,False,high
36,2025-04-13 19:22:29,Laptop,946.51,12,North,Desktop,25,9.68,False,high
37,2025-04-13 19:22:29,Keyboard,10.0,11,South,Mobile,19,26.99,False,high
38,2025-04-13 19:22:29,Keyboard,18.96,11,South,Mobile,31,20.0,False,low
39,2025-04-13 19:22:29,Headphones,29.4,11,South,Tablet,38,7.35,False,low
40,2025-04-13 19:22:29,Smartphone,414.86,7,East,Mobile,53,9.68,False,low
41,2025-04-13 19:22:29,Monitor,493.03,4,West,Desktop,45,4.28,False,low
42,2025-04-13 19:22:29,Smartphone,1802.36,11,South,Mobile,35,10.03,True,high
43,2025-04-13 19:22:29,Keyboard,18.7,4,South,Mobile,28,22.71,True,low
44,2025-04-13 19:22:29,Laptop,3882.64,3,South,Mobile,31,3.27,True,high
45,2025-04-13 19:22:29,Monitor,10.0,7,North,Mobile,33,16.41,True,low
46,2025-04-13 19:22:29,Headphones,10.0,7,South,Mobile,41,2.91,False,low
47,2025-04-13 19:22:29,Keyboard,76.69,7,West,Mobile,27,1.28,False,low
48,2025-04-13 19:22:29,Headphones,63.64,8,South,Mobile,45,3.34,False,low
49,2025-04-13 19:22:29,Monitor,10.0,7,West,Mobile,30,3.36,False,low
50,2025-04-13 19:22:29,Laptop,872.78,11,North,Mobile,25,8.48,False,high
51,2025-04-13 19:22:29,Laptop,10.0,6,South,Mobile,42,1.68,False,low
52,2025-04-13 19:22:29,Smartphone,3083.78,3,West,Mobile,18,46.01,False,high
53,2025-04-13 19:22:29,Laptop,10.0,13,West,Desktop,36,8.54,False,low
54,2025-04-13 19:22:29,Laptop,620.22,9,North,Desktop,36,16.96,False,low
55,2025-04-13 19:22:29,Laptop,10.0,10,North,Tablet,36,4.08,False,low
56,2025-04-13 19:22:29,Smartphone,638.5,8,West,Mobile,30,8.44,True,high
57,2025-04-13 19:22:29,Headphones,86.73,7,North,Mobile,44,12.73,True,low
58,2025-04-13 19:22:29,Headphones,297.18,9,East,Tablet,47,8.82,False,low
59,2025-04-13 19:22:29,Monitor,214.61,8,West,Desktop,18,13.33,False,low
60,2025-04-13 19:22:29,Keyboard,10.0,9,West,Mobile,33,16.24,True,low
61,2025-04-13 19:22:29,Laptop,10.0,8,North,Desktop,18,24.63,True,low
62,2025-04-13 19:22:29,Keyboard,192.07,5,West,Mobile,18,5.36,False,low
63,2025-04-13 19:22:29,Smartphone,359.22,6,North,Tablet,65,1.0,True,low
64,2025-04-13 19:22:29,Smartphone,45.02,9,North,Mobile,53,10.33,False,low
65,2025-04-13 19:22:29,Smartphone,230.41,5,West,Mobile,36,1.97,False,low
66,2025-04-13 19:22:29,Smartphone,10.0,8,North,Desktop,43,22.67,False,low
67,2025-04-13 19:22:29,Keyboard,10.0,10,East,Tablet,18,29.65,True,low
68,2025-04-13 19:22:29,Monitor,10.0,8,South,Mobile,39,2.98,True,low
69,2025-04-13 19:22:29,Monitor,58.01,6,West,Mobile,18,8.08,False,low
70,2025-04-13 19:22:29,Laptop,2343.73,2,North,Mobile,40,23.03,False,high
71,2025-04-13 19:22:29,Laptop,2274.04,7,North,Mobile,41,1.0,False,high
72,2025-04-13 19:22:29,Smartphone,10.0,10,East,Desktop,41,1.0,False,low
73,2025-04-13 19:22:29,Monitor,10.0,6,East,Mobile,34,11.66,False,low
74,2025-04-13 19:22:29,Monitor,10.0,8,North,Desktop,30,30.0,False,low
75,2025-04-13 19:22:29,Laptop,460.63,12,South,Mobile,40,1.99,False,low
76,2025-04-13 19:22:29,Keyboard,152.77,11,South,Mobile,36,9.07,False,low
77,2025-04-13 19:22:29,Monitor,10.0,5,South,Desktop,52,3.84,False,low
78,2025-04-13 19:22:29,Keyboard,160.16,4,West,Mobile,38,20.77,False,low
79,2025-04-13 19:22:29,Laptop,870.53,14,North,Desktop,18,3.51,False,low
80,2025-04-13 19:22:29,Laptop,10.0,10,North,Mobile,20,47.29,True,low
81,2025-04-13 19:22:29,Monitor,960.55,6,South,Desktop,52,11.91,False,low
82,2025-04-13 19:22:29,Headphones,88.72,7,North,Mobile,30,1.39,False,low
83,2025-04-13 19:22:29,Smartphone,634.46,8,North,Desktop,43,1.0,False,low
84,2025-04-13 19:22:29,Smartphone,283.58,18,West,Mobile,49,21.28,True,high
85,2025-04-13 19:22:29,Laptop,1020.07,6,East,Mobile,44,39.73,True,high
86,2025-04-13 19:22:29,Laptop,10.0,10,East,Desktop,43,27.68,False,low
87,2025-04-13 19:22:29,Headphones,58.82,6,South,Tablet,39,1.0,True,low
88,2025-04-13 19:22:29,Smartphone,1865.52,9,South,Desktop,34,1.0,True,high
89,2025-04-13 19:22:29,Monitor,805.27,10,West,Desktop,32,2.4,False,low
90,2025-04-13 19:22:29,Smartphone,374.21,12,East,Mobile,32,25.36,False,high
91,2025-04-13 19:22:29,Headphones,118.28,6,North,Desktop,36,3.13,True,low
92,2025-04-13 19:22:29,Headphones,10.0,3,East,Mobile,46,6.54,False,low
93,2025-04-13 19:22:29,Smartphone,1060.41,6,South,Mobile,63,12.12,True,high
94,2025-04-13 19:22:29,Monitor,39.52,4,East,Desktop,35,1.0,False,low
95,2025-04-13 19:22:29,Monitor,10.0,8,East,Desktop,56,20.48,True,low
96,2025-04-13 19:22:29,Keyboard,164.28,10,East,Tablet,42,1.0,True,low
97,2025-04-13 19:22:29,Monitor,10.0,10,South,Mobile,21,11.4,False,low
98,2025-04-13 19:22:29,Laptop,413.94,10,North,Mobile,18,12.92,True,high
99,2025-04-13 19:22:29,Monitor,130.75,10,West,Desktop,38,6.78,False,low
100,2025-04-13 19:22:29,Headphones,128.72,9,South,Mobile,30,14.85,False,low
101,2025-04-13 19:22:29,Laptop,391.41,6,South,Mobile,53,1.83,True,low
102,2025-04-13 19:22:29,Monitor,573.54,8,East,Desktop,49,7.58,True,low
103,2025-04-13 19:22:29,Monitor,10.0,7,East,Desktop,36,20.24,True,low
104,2025-04-13 19:22:29,Monitor,649.01,5,South,Mobile,18,2.25,False,low
105,2025-04-13 19:22:29,Headphones,10.0,11,South,Desktop,37,11.29,True,low
106,2025-04-13 19:22:29,Keyboard,125.81,8,North,Mobile,21,15.25,True,low
107,2025-04-13 19:22:29,Keyboard,98.03,11,East,Mobile,21,5.04,False,low
108,2025-04-13 19:22:29,Smartphone,10.0,6,West,Desktop,53,9.66,False,low
109,2025-04-13 19:22:29,Smartphone,10.0,6,North,Mobile,47,9.36,False,low
110,2025-04-13 19:22:29,Keyboard,132.0,4,East,Mobile,41,10.43,False,low
111,2025-04-13 19:22:29,Smartphone,692.08,6,East,Mobile,23,16.25,True,low
112,2025-04-13 19:22:29,Laptop,10.0,7,North,Mobile,39,7.45,False,low
113,2025-04-13 19:22:29,Laptop,1279.67,12,West,Mobile,40,5.29,False,high
114,2025-04-13 19:22:29,Smartphone,10.0,9,West,Mobile,26,13.35,True,low
115,2025-04-13 19:22:29,Laptop,1480.31,5,North,Desktop,52,6.87,True,high
116,2025-04-13 19:22:29,Keyboard,10.0,8,West,Mobile,54,1.0,True,low
117,2025-04-13 19:22:29,Laptop,10.0,4,West,Mobile,27,7.77,False,low
118,2025-04-13 19:22:29,Keyboard,79.63,9,East,Tablet,45,8.26,False,low
119,2025-04-13 19:22:29,Keyboard,124.41,9,West,Desktop,35,18.45,False,low
120,2025-04-13 19:22:29,Smartphone,2619.33,6,West,Mobile,39,3.61,False,high
121,2025-04-13 19:22:29,Monitor,10.0,11,West,Desktop,35,4.79,True,low
122,2025-04-13 19:22:29,Laptop,1652.66,7,East,Mobile,42,17.29,True,high
123,2025-04-13 19:22:29,Keyboard,152.66,7,North,Mobile,35,33.76,True,high
124,2025-04-13 19:22:29,Smartphone,10.0,7,South,Mobile,27,1.0,False,low
125,2025-04-13 19:22:29,Keyboard,253.61,6,West,Mobile,30,1.07,True,low
126,2025-04-13 19:22:29,Headphones,10.0,11,West,Tablet,37,4.58,False,low
127,2025-04-13 19:22:29,Laptop,325.02,5,West,Mobile,45,1.47,False,low
128,2025-04-13 19:22:29,Monitor,10.0,6,West,Desktop,37,7.94,False,low
129,2025-04-13 19:22:29,Headphones,10.0,6,South,Mobile,24,15.37,True,low
130,2025-04-13 19:22:29,Headphones,10.0,10,North,Mobile,47,9.52,False,low
131,2025-04-13 19:22:29,Headphones,10.0,5,South,Desktop,30,1.0,False,low
132,2025-04-13 19:22:29,Keyboard,10.0,6,North,Tablet,50,10.8,False,low
133,2025-04-13 19:22:29,Laptop,2119.39,5,North,Desktop,19,1.29,True,high
134,2025-04-13 19:22:29,Headphones,285.64,12,South,Mobile,41,4.13,True,low
135,2025-04-13 19:22:29,Smartphone,10.0,8,West,Mobile,38,18.74,False,low
136,2025-04-13 19:22:29,Headphones,10.0,11,East,Desktop,38,1.41,False,low
137,2025-04-13 19:22:29,Monitor,438.96,13,North,Mobile,31,2.83,False,low
138,2025-04-13 19:22:29,Laptop,486.47,9,East,Mobile,24,14.31,True,low
139,2025-04-13 19:22:29,Laptop,10.0,11,North,Tablet,48,1.0,True,low
140,2025-04-13 19:22:29,Laptop,10.0,10,South,Mobile,65,1.0,False,low
141,2025-04-13 19:22:29,Laptop,120.16,8,South,Mobile,40,13.31,True,low
142,2025-04-13 19:22:29,Monitor,10.0,9,South,Desktop,57,4.07,False,low
143,2025-04-13 19:22:29,Laptop,1957.16,11,South,Tablet,37,6.86,True,high
144,2025-04-13 19:22:29,Laptop,3291.89,7,East,Mobile,29,1.0,False,high
145,2025-04-13 19:22:29,Headphones,10.0,7,West,Tablet,28,1.0,True,low
146,2025-04-13 19:22:29,Keyboard,10.0,7,South,Mobile,45,5.43,False,low
147,2025-04-13 19:22:29,Keyboard,10.0,9,North,Desktop,29,2.89,False,low
148,2025-04-13 19:22:29,Laptop,1100.85,7,East,Mobile,48,6.13,False,low
149,2025-04-13 19:22:29,Laptop,713.02,11,East,Mobile,27,2.99,False,low
150,2025-04-13 19:22:29,Headphones,10.0,10,North,Mobile,23,1.0,True,low
151,2025-04-13 19:22:29,Headphones,10.0,10,South,Mobile,39,10.07,False,low
152,2025-04-13 19:22:29,Monitor,10.0,11,West,Mobile,50,2.04,False,low
153,2025-04-13 19:22:29,Keyboard,144.14,10,East,Mobile,22,21.36,True,high
154,2025-04-13 19:22:29,Laptop,10.0,5,East,Desktop,31,13.15,True,low
155,2025-04-13 19:22:29,Headphones,10.0,11,West,Mobile,45,1.06,False,low
156,2025-04-13 19:22:29,Monitor,10.0,12,South,Mobile,30,11.59,True,low
157,2025-04-13 19:22:29,Monitor,412.13,7,East,Mobile,47,27.86,False,low
158,2025-04-13 19:22:29,Monitor,325.32,11,North,Mobile,40,37.64,True,high
159,2025-04-13 19:22:29,Smartphone,10.0,9,West,Mobile,45,3.31,False,low
160,2025-04-13 19:22:29,Headphones,93.46,2,West,Mobile,57,6.33,True,low
161,2025-04-13 19:22:29,Monitor,10.0,9,South,Mobile,33,15.83,True,low
162,2025-04-13 19:22:29,Keyboard,42.47,7,East,Mobile,29,24.04,False,low
163,2025-04-13 19:22:29,Headphones,120.22,14,East,Mobile,23,4.85,False,low
164,2025-04-13 19:22:29,Monitor,1235.47,9,East,Mobile,32,1.51,False,high
165,2025-04-13 19:22:29,Monitor,10.0,5,North,Desktop,48,8.49,False,low
166,2025-04-13 19:22:29,Smartphone,10.0,8,South,Mobile,36,12.12,False,low
167,2025-04-13 19:22:29,Keyboard,10.0,9,East,Tablet,29,2.98,False,low
168,2025-04-13 19:22:29,Monitor,222.43,6,South,Mobile,27,13.91,True,low
169,2025-04-13 19:22:29,Keyboard,10.0,8,South,Mobile,27,23.27,False,low
170,2025-04-13 19:22:29,Keyboard,38.75,3,East,Desktop,26,6.66,True,low
171,2025-04-13 19:22:29,Headphones,38.57,10,North,Desktop,31,16.01,False,low
172,2025-04-13 19:22:29,Headphones,77.74,10,West,Mobile,38,1.54,True,low
173,2025-04-13 19:22:29,Laptop,1969.49,5,East,Tablet,18,11.3,False,high
174,2025-04-13 19:22:29,Laptop,10.0,6,West,Mobile,50,7.04,False,low
175,2025-04-13 19:22:29,Laptop,1413.89,3,South,Mobile,18,23.03,False,high
176,2025-04-13 19:22:29,Monitor,498.48,10,North,Tablet,30,7.8,True,low
177,2025-04-13 19:22:29,Headphones,120.17,5,South,Desktop,18,8.69,True,low
178,2025-04-13 19:22:29,Headphones,10.0,10,East,Desktop,21,6.45,False,low
179,2025-04-13 19:22:29,Monitor,270.46,12,North,Desktop,39,6.61,False,low
180,2025-04-13 19:22:29,Smartphone,555.27,10,South,Mobile,47,17.57,True,high
181,2025-04-13 19:22:29,Smartphone,1791.92,8,South,Mobile,42,9.85,True,high
182,2025-04-13 19:22:29,Headphones,411.41,8,West,Desktop,32,1.0,False,low
183,2025-04-13 19:22:29,Laptop,2084.93,8,South,Mobile,39,1.0,True,high
184,2025-04-13 19:22:29,Headphones,10.0,6,North,Desktop,34,1.0,False,low
185,2025-04-13 19:22:29,Keyboard,121.29,5,South,Mobile,33,3.5,False,low
186,2025-04-13 19:22:29,Smartphone,10.0,12,East,Desktop,23,21.95,True,low
187,2025-04-13 19:22:29,Smartphone,483.85,10,East,Mobile,26,6.87,False,low
188,2025-04-13 19:22:29,Monitor,10.0,4,West,Mobile,30,7.16,False,low
189,2025-04-13 19:22:29,Headphones,51.04,4,East,Mobile,31,3.15,False,low
190,2025-04-13 19:22:29,Laptop,85.67,12,North,Desktop,45,1.83,False,low
191,2025-04-13 19:22:29,Keyboard,215.42,9,East,Mobile,35,5.67,True,low
192,2025-04-13 19:22:29,Keyboard,10.0,8,North,Tablet,32,6.39,False,low
193,2025-04-13 19:22:29,Monitor,332.56,10,North,Desktop,31,4.59,True,low
194,2025-04-13 19:22:29,Keyboard,10.0,4,West,Tablet,36,1.33,True,low
195,2025-04-13 19:22:29,Keyboard,10.0,6,West,Desktop,20,14.87,False,low
196,2025-04-13 19:22:29,Laptop,981.14,5,West,Mobile,53,3.09,True,low
197,2025-04-13 19:22:29,Laptop,3123.53,2,South,Mobile,46,36.57,False,high
198,2025-04-13 19:22:29,Monitor,236.67,6,West,Desktop,37,6.62,False,low
199,2025-04-13 19:22:29,Headphones,352.29,9,North,Mobile,30,9.74,True,low
200,2025-04-13 19:22:29,Headphones,98.65,9,North,Desktop,51,22.09,False,low
201,2025-04-13 19:22:29,Headphones,50.35,3,North,Mobile,18,6.94,True,low
202,2025-04-13 19:22:29,Headphones,10.0,6,West,Desktop,37,5.9,True,low
203,2025-04-13 19:22:29,Keyboard,85.66,11,South,Tablet,36,2.11,False,low
204,2025-04-13 19:22:29,Headphones,105.18,9,North,Mobile,35,6.91,False,low
205,2025-04-13 19:22:29,Smartphone,92.52,7,South,Mobile,34,10.86,True,low
206,2025-04-13 19:22:29,Headphones,10.0,11,North,Mobile,27,15.49,False,low
207,2025-04-13 19:22:29,Laptop,10.0,7,West,Tablet,37,3.32,False,low
208,2025-04-13 19:22:29,Smartphone,405.89,13,West,Tablet,42,8.94,True,low
209,2025-04-13 19:22:29,Monitor,10.0,6,West,Desktop,40,4.04,False,low
210,2025-04-13 19:22:29,Smartphone,1337.05,6,West,Mobile,43,1.37,True,high
211,2025-04-13 19:22:29,Keyboard,10.0,5,South,Desktop,49,18.87,True,low
212,2025-04-13 19:22:29,Headphones,10.0,12,East,Tablet,26,7.86,False,low
213,2025-04-13 19:22:29,Laptop,1583.77,9,East,Desktop,58,4.61,False,high
214,2025-04-13 19:22:29,Keyboard,192.29,14,West,Desktop,46,29.39,False,low
215,2025-04-13 19:22:29,Headphones,10.0,6,East,Mobile,18,12.2,False,low
216,2025-04-13 19:22:29,Headphones,58.64,9,West,Tablet,50,20.05,False,low
217,2025-04-13 19:22:29,Smartphone,10.0,9,West,Mobile,30,7.96,False,low
218,2025-04-13 19:22:29,Laptop,10.0,7,East,Desktop,21,5.67,False,low
219,2025-04-13 19:22:29,Headphones,267.16,9,West,Tablet,23,5.66,False,low
220,2025-04-13 19:22:29,Smartphone,10.0,9,West,Tablet,35,6.6,True,low
221,2025-04-13 19:22:29,Keyboard,10.0,7,East,Desktop,55,10.46,False,low
222,2025-04-13 19:22:29,Headphones,257.98,9,North,Mobile,47,21.46,False,low
223,2025-04-13 19:22:29,Smartphone,10.0,6,West,Desktop,33,18.31,False,low
224,2025-04-13 19:22:29,Laptop,1646.91,4,West,Desktop,22,13.8,True,high
225,2025-04-13 19:22:29,Keyboard,153.91,5,West,Desktop,19,12.52,False,low
226,2025-04-13 19:22:29,Keyboard,83.88,3,West,Tablet,41,2.84,False,low
227,2025-04-13 19:22:29,Headphones,10.0,14,North,Desktop,32,25.35,True,low
228,2025-04-13 19:22:29,Monitor,686.49,11,South,Desktop,63,27.53,False,high
229,2025-04-13 19:22:29,Laptop,10.0,3,North,Mobile,44,1.11,False,low
230,2025-04-13 19:22:29,Laptop,60.32,4,North,Mobile,52,2.05,True,low
231,2025-04-13 19:22:29,Monitor,320.03,8,East,Mobile,47,15.57,True,low
232,2025-04-13 19:22:29,Headphones,129.78,10,South,Mobile,31,19.58,True,high
233,2025-04-13 19:22:29,Headphones,116.54,9,South,Mobile,46,7.23,False,low
234,2025-04-13 19:22:29,Smartphone,18.98,6,West,Desktop,40,4.96,False,low
235,2025-04-13 19:22:29,Laptop,10.0,12,West,Tablet,22,9.3,False,low
236,2025-04-13 19:22:29,Smartphone,10.0,7,North,Mobile,25,1.0,True,low
237,2025-04-13 19:22:29,Keyboard,10.0,7,East,Desktop,34,4.06,False,low
238,2025-04-13 19:22:29,Monitor,30.54,8,West,Desktop,52,1.0,True,low
239,2025-04-13 19:22:29,Headphones,208.14,7,West,Mobile,22,4.32,True,low
240,2025-04-13 19:22:29,Monitor,10.0,6,East,Tablet,32,10.84,True,low
241,2025-04-13 19:22:29,Headphones,18.7,11,East,Mobile,51,1.86,False,low
242,2025-04-13 19:22:29,Laptop,1026.31,12,West,Desktop,33,3.77,False,high
243,2025-04-13 19:22:29,Smartphone,10.0,9,East,Mobile,46,3.07,True,low
244,2025-04-13 19:22:29,Monitor,235.92,7,South,Desktop,41,16.87,False,low
245,2025-04-13 19:22:29,Laptop,1939.32,5,East,Desktop,31,8.15,True,high
246,2025-04-13 19:22:29,Monitor,197.67,11,South,Mobile,31,68.06,True,high
247,2025-04-13 19:22:29,Headphones,10.0,7,South,Mobile,49,8.35,False,low
248,2025-04-13 19:22:29,Monitor,690.88,5,East,Desktop,19,18.15,True,high
249,2025-04-13 19:22:29,Headphones,424.01,15,East,Desktop,48,12.56,True,high
250,2025-04-13 19:22:29,Laptop,10.0,11,West,Tablet,36,10.1,True,low
251,2025-04-13 19:22:29,Smartphone,673.49,7,West,Tablet,45,16.24,False,high
252,2025-04-13 19:22:29,Monitor,171.76,9,North,Desktop,41,1.0,True,low
253,2025-04-13 19:22:29,Keyboard,10.0,12,North,Mobile,38,36.26,False,high
254,2025-04-13 19:22:29,Monitor,746.25,7,West,Desktop,33,4.87,False,low
255,2025-04-13 19:22:29,Laptop,10.0,7,South,Mobile,45,3.95,False,low
256,2025-04-13 19:22:29,Keyboard,10.0,5,East,Tablet,25,16.56,True,low
257,2025-04-13 19:22:29,Laptop,10.0,7,West,Tablet,37,1.56,True,low
258,2025-04-13 19:22:29,Headphones,10.0,5,North,Mobile,44,5.42,False,low
259,2025-04-13 19:22:29,Monitor,10.0,14,West,Mobile,29,19.65,True,high
260,2025-04-13 19:22:29,Keyboard,10.0,8,South,Mobile,23,10.35,True,low
261,2025-04-13 19:22:29,Keyboard,10.0,6,West,Mobile,40,3.36,False,low
262,2025-04-13 19:22:29,Headphones,10.0,9,North,Desktop,37,2.46,False,low
263,2025-04-13 19:22:29,Monitor,419.46,1,North,Desktop,38,9.87,True,low
264,2025-04-13 19:22:29,Headphones,10.0,5,South,Desktop,40,3.45,True,low
265,2025-04-13 19:22:29,Monitor,10.0,12,East,Mobile,36,9.55,True,low
266,2025-04-13 19:22:29,Laptop,831.92,4,West,Mobile,45,18.27,True,low
267,2025-04-13 19:22:29,Keyboard,10.0,5,North,Mobile,49,4.98,True,low
268,2025-04-13 19:22:29,Smartphone,10.0,7,South,Mobile,39,17.54,False,low
269,2025-04-13 19:22:29,Smartphone,437.84,7,South,Desktop,20,18.85,True,high
270,2025-04-13 19:22:29,Smartphone,10.0,7,North,Mobile,46,4.15,False,low
271,2025-04-13 19:22:29,Smartphone,10.0,7,East,Desktop,21,34.44,True,low
272,2025-04-13 19:22:29,Laptop,927.81,10,South,Mobile,18,2.39,False,low
273,2025-04-13 19:22:29,Smartphone,2047.36,9,East,Mobile,49,1.28,True,high
274,2025-04-13 19:22:29,Smartphone,529.31,6,West,Mobile,55,7.91,False,low
275,2025-04-13 19:22:29,Headphones,163.03,9,West,Desktop,40,1.1,False,low
276,2025-04-13 19:22:29,Laptop,10.0,6,West,Mobile,63,10.75,False,low
277,2025-04-13 19:22:29,Laptop,916.22,10,East,Mobile,36,6.12,False,low
278,2025-04-13 19:22:29,Laptop,1634.83,10,West,Desktop,18,1.0,False,high
279,2025-04-13 19:22:29,Laptop,10.0,9,West,Desktop,37,7.58,False,low
280,2025-04-13 19:22:29,Laptop,759.75,8,East,Desktop,28,9.49,True,high
281,2025-04-13 19:22:29,Monitor,393.71,8,East,Mobile,31,5.33,False,low
282,2025-04-13 19:22:29,Monitor,728.67,5,West,Mobile,50,5.43,False,low
283,2025-04-13 19:22:29,Laptop,1282.39,16,South,Mobile,36,18.62,False,high
284,2025-04-13 19:22:29,Headphones,10.0,8,East,Desktop,21,3.17,True,low
285,2025-04-13 19:22:29,Laptop,1429.41,9,East,Mobile,54,11.65,False,high
286,2025-04-13 19:22:29,Monitor,371.75,6,South,Desktop,21,14.16,False,low
287,2025-04-13 19:22:29,Laptop,462.88,4,North,Mobile,40,26.1,True,high
288,2025-04-13 19:22:29,Monitor,10.0,3,South,Mobile,33,8.75,False,low
289,2025-04-13 19:22:29,Keyboard,24.36,10,East,Desktop,49,16.38,False,low
290,2025-04-13 19:22:29,Headphones,10.0,7,North,Tablet,26,13.96,False,low
291,2025-04-13 19:22:29,Monitor,10.0,8,North,Mobile,29,4.48,True,low
292,2025-04-13 19:22:29,Headphones,359.62,4,South,Desktop,24,10.26,True,low
293,2025-04-13 19:22:29,Keyboard,10.0,10,East,Mobile,25,11.13,True,low
294,2025-04-13 19:22:29,Smartphone,10.0,13,West,Desktop,32,8.31,False,low
295,2025-04-13 19:22:29,Keyboard,95.6,7,North,Desktop,23,14.5,False,low
296,2025-04-13 19:22:29,Monitor,443.17,10,North,Mobile,30,5.6,False,low
297,2025-04-13 19:22:29,Monitor,10.0,6,East,Mobile,38,18.93,True,low
298,2025-04-13 19:22:29,Smartphone,13.83,4,West,Mobile,18,2.99,False,low
299,2025-04-13 19:22:29,Laptop,390.96,8,North,Desktop,35,1.0,True,low
300,2025-04-13 19:22:29,Headphones,59.26,13,West,Mobile,25,1.0,True,low
301,2025-04-13 19:22:29,Monitor,10.0,8,North,Desktop,25,5.14,True,low
302,2025-04-13 19:22:29,Keyboard,162.21,1,North,Desktop,43,12.45,True,low
303,2025-04-13 19:22:29,Headphones,10.0,6,West,Desktop,18,9.34,False,low
304,2025-04-13 19:22:29,Smartphone,10.0,5,North,Mobile,27,7.59,True,low
305,2025-04-13 19:22:29,Keyboard,80.7,8,West,Mobile,55,12.06,True,low
306,2025-04-13 19:22:29,Smartphone,832.01,5,West,Tablet,39,5.85,True,high
307,2025-04-13 19:22:29,Smartphone,649.77,7,East,Tablet,49,2.66,False,low
308,2025-04-13 19:22:29,Monitor,701.94,8,East,Mobile,40,13.1,True,high
309,2025-04-13 19:22:29,Headphones,10.0,6,South,Mobile,30,14.55,False,low
310,2025-04-13 19:22:29,Smartphone,10.0,10,East,Mobile,49,1.0,False,low
311,2025-04-13 19:22:29,Laptop,10.0,8,West,Mobile,54,5.83,False,low
312,2025-04-13 19:22:29,Monitor,10.0,10,West,Mobile,37,4.97,False,low
313,2025-04-13 19:22:29,Headphones,10.0,8,East,Mobile,36,23.86,True,low
314,2025-04-13 19:22:29,Monitor,10.0,6,South,Desktop,25,8.83,False,low
315,2025-04-13 19:22:29,Monitor,10.0,9,North,Mobile,40,8.69,True,low
316,2025-04-13 19:22:29,Headphones,57.35,7,West,Mobile,40,1.42,True,low
317,2025-04-13 19:22:29,Monitor,10.0,7,East,Mobile,40,8.87,False,low
318,2025-04-13 19:22:29,Laptop,2512.2,12,North,Mobile,28,1.0,True,high
319,2025-04-13 19:22:29,Monitor,427.11,6,East,Desktop,29,1.0,False,low
320,2025-04-13 19:22:29,Smartphone,586.19,6,South,Mobile,18,8.53,True,low
321,2025-04-13 19:22:29,Smartphone,476.99,4,South,Desktop,37,10.37,False,low
322,2025-04-13 19:22:29,Smartphone,10.0,3,West,Mobile,44,7.31,False,low
323,2025-04-13 19:22:29,Keyboard,10.0,7,West,Desktop,48,5.29,False,low
324,2025-04-13 19:22:29,Keyboard,10.0,3,East,Desktop,31,31.4,False,low
325,2025-04-13 19:22:29,Smartphone,964.93,6,West,Mobile,18,25.57,False,high
326,2025-04-13 19:22:29,Monitor,58.42,10,East,Mobile,30,16.05,True,low
327,2025-04-13 19:22:29,Laptop,10.0,9,East,Mobile,41,56.63,True,low
328,2025-04-13 19:22:29,Monitor,349.22,9,East,Mobile,25,6.61,False,low
329,2025-04-13 19:22:29,Laptop,10.0,8,West,Mobile,49,8.3,False,low
330,2025-04-13 19:22:29,Laptop,2119.13,10,West,Tablet,22,1.0,False,high
331,2025-04-13 19:22:29,Smartphone,267.72,6,East,Desktop,45,5.23,False,low
332,2025-04-13 19:22:29,Laptop,2237.58,8,West,Mobile,35,24.42,False,high
333,2025-04-13 19:22:29,Monitor,293.48,8,North,Mobile,18,3.33,True,low
334,2025-04-13 19:22:29,Smartphone,1539.58,5,West,Tablet,30,1.67,False,high
335,2025-04-13 19:22:29,Keyboard,179.91,11,South,Mobile,29,19.6,False,low
336,2025-04-13 19:22:29,Headphones,429.96,12,West,Desktop,35,33.71,False,high
337,2025-04-13 19:22:29,Laptop,373.77,10,East,Mobile,25,15.3,True,low
338,2025-04-13 19:22:29,Headphones,10.0,9,East,Mobile,43,2.86,False,low
339,2025-04-13 19:22:29,Keyboard,10.0,13,South,Mobile,46,19.76,False,low
340,2025-04-13 19:22:29,Smartphone,1492.74,11,East,Mobile,19,1.0,False,high
341,2025-04-13 19:22:29,Headphones,381.3,12,South,Mobile,49,4.51,False,low
342,2025-04-13 19:22:29,Monitor,330.71,7,West,Desktop,42,2.86,True,low
343,2025-04-13 19:22:29,Smartphone,607.61,4,North,Desktop,34,4.42,False,low
344,2025-04-13 19:22:29,Monitor,290.5,7,North,Mobile,18,10.88,True,low
345,2025-04-13 19:22:29,Smartphone,2045.87,10,East,Tablet,44,4.23,False,high
346,2025-04-13 19:22:29,Smartphone,10.0,0,South,Mobile,30,24.65,True,low
347,2025-04-13 19:22:29,Laptop,1819.36,6,North,Desktop,18,4.7,False,high
348,2025-04-13 19:22:29,Keyboard,248.34,4,South,Mobile,44,2.11,True,low
349,2025-04-13 19:22:29,Smartphone,10.0,7,South,Desktop,32,44.95,True,high
350,2025-04-13 19:22:29,Monitor,311.04,8,South,Tablet,34,5.17,False,low
351,2025-04-13 19:22:29,Headphones,10.0,2,South,Mobile,22,2.66,True,low
352,2025-04-13 19:22:29,Headphones,10.0,8,South,Mobile,40,3.53,False,low
353,2025-04-13 19:22:29,Headphones,10.0,5,West,Desktop,37,1.0,False,low
354,2025-04-13 19:22:29,Keyboard,10.0,9,West,Tablet,37,3.41,False,low
355,2025-04-13 19:22:29,Keyboard,10.0,9,South,Desktop,24,4.74,True,low
356,2025-04-13 19:22:29,Headphones,10.0,6,East,Mobile,33,29.52,True,low
357,2025-04-13 19:22:29,Keyboard,10.0,7,North,Mobile,38,16.52,False,low
358,2025-04-13 19:22:29,Monitor,48.74,7,West,Tablet,28,2.19,True,low
359,2025-04-13 19:22:29,Headphones,10.0,9,North,Tablet,31,11.52,True,low
360,2025-04-13 19:22:29,Headphones,10.0,5,East,Tablet,33,1.0,False,low
361,2025-04-13 19:22:29,Headphones,10.91,10,East,Mobile,21,14.26,False,low
362,2025-04-13 19:22:29,Monitor,340.62,9,South,Mobile,33,4.19,False,low
363,2025-04-13 19:22:29,Monitor,418.15,16,South,Mobile,33,11.2,True,high
364,2025-04-13 19:22:29,Headphones,342.96,9,South,Desktop,31,34.19,False,high
365,2025-04-13 19:22:29,Keyboard,10.0,7,North,Tablet,44,18.27,True,low
366,2025-04-13 19:22:29,Smartphone,10.0,10,South,Mobile,37,3.97,False,low
367,2025-04-13 19:22:29,Keyboard,214.53,9,West,Mobile,41,7.66,True,low
368,2025-04-13 19:22:29,Monitor,10.0,8,North,Mobile,41,26.62,False,low
369,2025-04-13 19:22:29,Keyboard,59.0,6,West,Mobile,30,9.6,False,low
370,2025-04-13 19:22:29,Headphones,35.4,9,North,Desktop,36,16.36,False,low
371,2025-04-13 19:22:29,Smartphone,10.0,9,East,Mobile,18,25.32,False,low
372,2025-04-13 19:22:29,Smartphone,329.25,9,West,Mobile,31,1.12,False,low
373,2025-04-13 19:22:29,Keyboard,125.0,5,East,Mobile,34,18.58,False,low
374,2025-04-13 19:22:29,Keyboard,10.0,6,North,Mobile,18,4.57,False,low
375,2025-04-13 19:22:29,Headphones,10.0,13,East,Mobile,45,9.43,True,low
376,2025-04-13 19:22:29,Laptop,10.0,5,East,Mobile,38,33.16,False,low
377,2025-04-13 19:22:29,Laptop,10.0,11,East,Mobile,30,2.25,True,low
378,2025-04-13 19:22:29,Monitor,244.66,7,South,Desktop,38,3.95,False,low
379,2025-04-13 19:22:29,Headphones,10.0,7,South,Desktop,34,16.96,True,low
380,2025-04-13 19:22:29,Headphones,191.92,12,North,Mobile,35,26.51,True,high
381,2025-04-13 19:22:29,Smartphone,10.0,9,North,Mobile,31,20.37,True,low
382,2025-04-13 19:22:29,Headphones,10.0,7,West,Mobile,21,6.43,False,low
383,2025-04-13 19:22:29,Smartphone,10.0,7,East,Mobile,26,7.02,False,low
384,2025-04-13 19:22:29,Monitor,10.0,14,East,Mobile,36,19.87,True,low
385,2025-04-13 19:22:29,Headphones,13.1,9,West,Desktop,48,3.64,True,low
386,2025-04-13 19:22:29,Smartphone,10.0,9,West,Desktop,32,1.97,True,low
387,2025-04-13 19:22:29,Keyboard,176.35,6,East,Desktop,29,6.31,False,low
388,2025-04-13 19:22:29,Laptop,10.0,2,West,Desktop,58,14.35,False,low
389,2025-04-13 19:22:29,Keyboard,170.48,13,East,Mobile,18,3.27,True,low
390,2025-04-13 19:22:29,Monitor,205.27,5,East,Mobile,27,1.0,False,low
391,2025-04-13 19:22:29,Smartphone,730.07,5,West,Mobile,31,2.98,True,low
392,2025-04-13 19:22:29,Monitor,1078.32,11,West,Mobile,29,7.85,False,high
393,2025-04-13 19:22:29,Laptop,3697.91,11,North,Desktop,47,2.72,False,high
394,2025-04-13 19:22:29,Keyboard,33.78,6,South,Tablet,18,19.91,True,low
395,2025-04-13 19:22:29,Keyboard,10.0,11,West,Mobile,44,34.0,True,high
396,2025-04-13 19:22:29,Monitor,10.0,5,East,Mobile,27,4.88,False,low
397,2025-04-13 19:22:29,Keyboard,10.0,9,South,Desktop,48,9.35,False,low
398,2025-04-13 19:22:29,Monitor,281.11,5,West,Desktop,27,18.57,False,low
399,2025-04-13 19:22:29,Keyboard,10.0,6,East,Mobile,30,2.73,False,low
400,2025-04-13 19:22:29,Smartphone,10.0,8,North,Mobile,18,3.81,True,low
401,2025-04-13 19:22:29,Keyboard,10.0,8,West,Tablet,18,11.82,True,low
402,2025-04-13 19:22:29,Monitor,10.0,12,West,Mobile,47,3.21,False,low
403,2025-04-13 19:22:29,Headphones,10.0,8,South,Mobile,35,3.9,False,low
404,2025-04-13 19:22:29,Headphones,10.0,9,South,Desktop,18,17.98,False,low
405,2025-04-13 19:22:29,Laptop,2273.27,5,East,Desktop,39,1.43,False,high
406,2025-04-13 19:22:29,Keyboard,179.17,6,East,Desktop,42,10.49,False,low
407,2025-04-13 19:22:29,Smartphone,476.19,3,East,Mobile,27,3.01,True,low
408,2025-04-13 19:22:29,Smartphone,875.9,10,South,Mobile,33,26.69,False,high
409,2025-04-13 19:22:29,Monitor,405.66,11,East,Mobile,47,12.09,False,low
410,2025-04-13 19:22:29,Smartphone,10.0,9,North,Mobile,34,4.39,True,low
411,2025-04-13 19:22:29,Headphones,273.09,5,West,Desktop,47,22.15,False,low
412,2025-04-13 19:22:29,Laptop,10.0,9,South,Tablet,18,1.07,False,low
413,2025-04-13 19:22:29,Headphones,255.79,6,West,Desktop,48,1.0,True,low
414,2025-04-13 19:22:29,Keyboard,44.36,6,South,Desktop,27,9.83,True,low
415,2025-04-13 19:22:29,Keyboard,108.06,8,North,Desktop,38,9.63,False,low
416,2025-04-13 19:22:29,Monitor,503.59,8,South,Mobile,46,8.67,False,low
417,2025-04-13 19:22:29,Smartphone,10.0,7,East,Tablet,20,1.71,False,low
418,2025-04-13 19:22:29,Monitor,578.35,9,North,Mobile,55,24.69,False,high
419,2025-04-13 19:22:29,Keyboard,10.0,9,East,Mobile,28,1.55,True,low
420,2025-04-13 19:22:29,Keyboard,10.0,5,North,Mobile,24,1.83,True,low
421,2025-04-13 19:22:29,Keyboard,10.0,9,South,Mobile,48,39.1,False,high
422,2025-04-13 19:22:29,Keyboard,141.37,11,East,Desktop,27,20.77,False,low
423,2025-04-13 19:22:29,Laptop,2077.22,7,North,Mobile,52,1.58,False,high
424,2025-04-13 19:22:29,Keyboard,10.0,4,East,Desktop,42,24.03,False,low
425,2025-04-13 19:22:29,Headphones,10.0,11,North,Mobile,27,3.17,False,low
426,2025-04-13 19:22:29,Monitor,10.0,8,East,Mobile,48,1.0,False,low
427,2025-04-13 19:22:29,Headphones,47.33,8,East,Mobile,41,55.79,False,high
428,2025-04-13 19:22:29,Smartphone,1645.38,9,West,Mobile,33,1.0,False,high
429,2025-04-13 19:22:29,Monitor,394.63,10,South,Mobile,20,7.3,False,low
430,2025-04-13 19:22:29,Monitor,141.69,10,West,Mobile,33,2.99,True,low
431,2025-04-13 19:22:29,Keyboard,155.66,12,North,Mobile,32,2.14,False,low
432,2025-04-13 19:22:29,Monitor,10.0,8,West,Mobile,32,9.75,True,low
433,2025-04-13 19:22:29,Monitor,10.0,7,West,Desktop,42,1.16,False,low
434,2025-04-13 19:22:29,Smartphone,10.0,11,East,Tablet,43,2.38,False,low
435,2025-04-13 19:22:29,Smartphone,10.0,6,South,Mobile,31,1.74,False,low
436,2025-04-13 19:22:29,Headphones,122.03,8,East,Mobile,50,14.78,True,low
437,2025-04-13 19:22:29,Headphones,12.25,10,West,Tablet,36,8.58,True,low
438,2025-04-13 19:22:29,Monitor,511.41,6,North,Mobile,36,11.53,False,low
439,2025-04-13 19:22:29,Headphones,23.87,9,East,Mobile,18,16.28,False,low
440,2025-04-13 19:22:29,Headphones,10.0,8,South,Desktop,36,1.0,False,low
441,2025-04-13 19:22:29,Headphones,10.0,7,East,Mobile,44,20.69,True,low
442,2025-04-13 19:22:29,Keyboard,10.0,11,South,Mobile,37,18.85,True,low
443,2025-04-13 19:22:29,Headphones,10.0,11,West,Desktop,24,6.17,True,low
444,2025-04-13 19:22:29,Keyboard,102.93,9,North,Mobile,18,12.35,True,low
445,2025-04-13 19:22:29,Monitor,10.0,7,East,Mobile,30,12.83,True,low
446,2025-04-13 19:22:29,Smartphone,927.61,4,South,Desktop,31,28.78,False,high
447,2025-04-13 19:22:29,Laptop,1161.86,9,North,Mobile,42,7.13,False,high
448,2025-04-13 19:22:29,Headphones,10.0,5,West,Mobile,29,1.08,False,low
449,2025-04-13 19:22:29,Smartphone,158.35,9,East,Tablet,41,8.67,True,low
450,2025-04-13 19:22:29,Headphones,10.0,3,East,Mobile,35,12.85,False,low
451,2025-04-13 19:22:29,Keyboard,10.0,6,West,Desktop,28,18.11,True,low
452,2025-04-13 19:22:29,Laptop,5415.29,6,East,Mobile,51,35.1,True,high
453,2025-04-13 19:22:29,Headphones,213.57,8,East,Desktop,29,1.0,False,low
454,2025-04-13 19:22:29,Laptop,10.0,7,West,Mobile,54,6.86,False,low
455,2025-04-13 19:22:29,Keyboard,10.0,9,South,Desktop,25,9.89,False,low
456,2025-04-13 19:22:29,Smartphone,10.0,12,West,Mobile,50,13.49,False,low
457,2025-04-13 19:22:29,Laptop,2921.28,6,North,Mobile,34,7.98,False,high
458,2025-04-13 19:22:29,Headphones,326.9,9,South,Mobile,48,3.61,True,low
459,2025-04-13 19:22:29,Keyboard,222.51,8,West,Desktop,37,14.36,False,low
460,2025-04-13 19:22:29,Laptop,10.0,12,South,Mobile,43,12.89,False,low
461,2025-04-13 19:22:29,Headphones,10.0,10,West,Mobile,20,3.25,True,low
462,2025-04-13 19:22:29,Keyboard,51.74,7,East,Mobile,38,2.15,False,low
463,2025-04-13 19:22:29,Monitor,433.39,5,West,Mobile,44,1.84,True,low
464,2025-04-13 19:22:29,Keyboard,10.0,7,East,Mobile,18,39.12,False,high
465,2025-04-13 19:22:29,Monitor,516.77,2,East,Desktop,44,34.55,False,high
466,2025-04-13 19:22:29,Headphones,10.0,8,East,Mobile,59,1.79,False,low
467,2025-04-13 19:22:29,Monitor,157.25,11,East,Mobile,61,8.15,False,low
468,2025-04-13 19:22:29,Headphones,10.0,9,West,Desktop,46,19.45,False,low
469,2025-04-13 19:22:29,Smartphone,651.17,8,East,Mobile,46,5.04,False,low
470,2025-04-13 19:22:29,Laptop,297.13,9,East,Tablet,18,29.48,False,low
471,2025-04-13 19:22:29,Headphones,197.91,11,South,Mobile,36,7.75,False,low
472,2025-04-13 19:22:29,Keyboard,27.45,9,East,Mobile,41,1.0,False,low
473,2025-04-13 19:22:29,Keyboard,10.0,6,South,Mobile,47,10.43,False,low
474,2025-04-13 19:22:29,Keyboard,34.87,6,South,Desktop,44,2.17,True,low
475,2025-04-13 19:22:29,Headphones,17.52,8,East,Desktop,31,2.51,True,low
476,2025-04-13 19:22:29,Smartphone,10.0,3,North,Tablet,42,16.48,False,low
477,2025-04-13 19:22:29,Smartphone,397.83,11,West,Desktop,26,15.73,False,low
478,2025-04-13 19:22:29,Headphones,10.0,5,West,Desktop,47,2.88,False,low
479,2025-04-13 19:22:29,Monitor,312.79,8,East,Mobile,20,5.84,True,low
480,2025-04-13 19:22:29,Laptop,1209.52,5,South,Mobile,18,14.06,False,high
481,2025-04-13 19:22:29,Laptop,10.0,8,South,Mobile,37,25.26,False,low
482,2025-04-13 19:22:29,Laptop,10.0,8,West,Desktop,18,2.12,True,low
483,2025-04-13 19:22:29,Monitor,869.41,8,North,Mobile,63,4.56,False,low
484,2025-04-13 19:22:29,Laptop,957.89,8,East,Mobile,51,1.07,False,low
485,2025-04-13 19:22:29,Keyboard,126.36,8,West,Desktop,42,8.12,True,low
486,2025-04-13 19:22:29,Keyboard,10.0,8,West,Mobile,55,14.12,False,low
487,2025-04-13 19:22:29,Monitor,878.16,10,South,Desktop,29,2.89,False,low
488,2025-04-13 19:22:29,Smartphone,10.0,10,North,Desktop,30,4.24,False,low
489,2025-04-13 19:22:29,Keyboard,140.1,7,South,Mobile,41,3.7,False,low
490,2025-04-13 19:22:29,Headphones,10.0,10,West,Mobile,19,3.49,True,low
491,2025-04-13 19:22:29,Laptop,1485.03,9,South,Tablet,45,19.45,False,high
492,2025-04-13 19:22:29,Smartphone,10.0,8,North,Mobile,32,4.12,True,low
493,2025-04-13 19:22:29,Monitor,835.74,6,East,Mobile,48,6.48,False,low
494,2025-04-13 19:22:29,Laptop,10.0,3,East,Desktop,26,5.97,False,low
495,2025-04-13 19:22:29,Laptop,2589.97,9,North,Mobile,30,1.2,True,high
496,2025-04-13 19:22:29,Keyboard,80.48,7,East,Desktop,45,6.58,False,low
497,2025-04-13 19:22:29,Monitor,167.01,13,East,Desktop,35,1.0,True,low
498,2025-04-13 19:22:29,Smartphone,63.9,8,West,Mobile,31,1.0,False,low
499,2025-04-13 19:22:29,Keyboard,246.27,11,East,Mobile,42,5.19,False,low
500,2025-04-13 19:22:29,Headphones,188.46,8,South,Desktop,35,1.0,False,low
501,2025-04-13 19:22:29,Keyboard,10.0,6,North,Mobile,48,3.22,False,low
502,2025-04-13 19:22:29,Monitor,269.81,6,North,Tablet,43,1.98,True,low
503,2025-04-13 19:22:29,Keyboard,43.66,7,South,Mobile,25,14.58,True,low
504,2025-04-13 19:22:29,Monitor,10.0,11,West,Mobile,22,22.66,True,low
505,2025-04-13 19:22:29,Keyboard,10.0,4,West,Mobile,40,6.6,False,low
506,2025-04-13 19:22:29,Laptop,1312.74,7,West,Mobile,34,27.24,False,high
507,2025-04-13 19:22:29,Keyboard,201.0,6,North,Mobile,22,29.49,False,low
508,2025-04-13 19:22:29,Monitor,10.0,9,North,Mobile,31,2.6,False,low
509,2025-04-13 19:22:29,Smartphone,1936.74,6,North,Mobile,35,5.1,True,high
510,2025-04-13 19:22:29,Laptop,1001.25,8,North,Tablet,40,5.33,True,low
511,2025-04-13 19:22:29,Headphones,339.89,10,North,Mobile,20,1.0,True,low
512,2025-04-13 19:22:29,Smartphone,72.89,9,West,Mobile,33,4.32,False,low
513,2025-04-13 19:22:29,Headphones,10.0,0,West,Mobile,26,2.88,False,low
514,2025-04-13 19:22:29,Keyboard,10.0,7,South,Desktop,45,16.97,True,low
515,2025-04-13 19:22:29,Smartphone,2800.9,6,West,Mobile,18,18.09,False,high
516,2025-04-13 19:22:29,Smartphone,10.0,9,North,Desktop,18,2.3,False,low
517,2025-04-13 19:22:29,Headphones,12.8,13,West,Mobile,29,6.88,False,low
518,2025-04-13 19:22:29,Smartphone,10.0,7,West,Mobile,30,8.14,True,low
519,2025-04-13 19:22:29,Laptop,2625.45,7,North,Desktop,37,1.36,False,high
520,2025-04-13 19:22:29,Laptop,2487.4,4,South,Mobile,18,2.25,True,high
521,2025-04-13 19:22:29,Laptop,1488.49,3,West,Mobile,32,12.74,False,high
522,2025-04-13 19:22:29,Laptop,546.52,8,South,Desktop,44,7.64,False,low
523,2025-04-13 19:22:29,Smartphone,1270.1,7,South,Desktop,34,13.41,False,high
524,2025-04-13 19:22:29,Smartphone,627.81,9,East,Mobile,46,5.85,False,low
525,2025-04-13 19:22:29,Keyboard,117.28,10,East,Mobile,52,12.42,False,low
526,2025-04-13 19:22:29,Monitor,10.0,9,South,Mobile,31,6.96,True,low
527,2025-04-13 19:22:29,Keyboard,10.0,11,South,Mobile,37,1.41,True,low
528,2025-04-13 19:22:29,Keyboard,10.0,6,South,Desktop,41,4.83,False,low
529,2025-04-13 19:22:29,Headphones,304.75,10,North,Tablet,30,22.55,False,low
530,2025-04-13 19:22:29,Headphones,10.0,8,East,Desktop,34,17.12,False,low
531,2025-04-13 19:22:29,Monitor,283.62,9,West,Mobile,27,1.0,False,low
532,2025-04-13 19:22:29,Smartphone,10.0,3,South,Mobile,55,16.39,False,low
533,2025-04-13 19:22:29,Headphones,10.0,7,North,Mobile,37,9.31,False,low
534,2025-04-13 19:22:29,Keyboard,10.0,9,South,Mobile,36,1.12,True,low
535,2025-04-13 19:22:29,Monitor,136.76,7,North,Tablet,46,1.0,False,low
536,2025-04-13 19:22:29,Laptop,844.15,4,South,Mobile,41,10.64,True,high
537,2025-04-13 19:22:29,Keyboard,18.01,6,North,Desktop,25,8.52,True,low
538,2025-04-13 19:22:29,Keyboard,97.81,7,South,Mobile,30,28.83,False,high
539,2025-04-13 19:22:29,Monitor,10.0,8,East,Tablet,70,1.84,True,low
540,2025-04-13 19:22:29,Smartphone,678.83,11,North,Desktop,43,9.27,False,low
541,2025-04-13 19:22:29,Smartphone,984.16,8,South,Mobile,57,1.0,True,low
542,2025-04-13 19:22:29,Monitor,230.29,6,East,Mobile,51,11.73,False,low
543,2025-04-13 19:22:29,Monitor,872.21,8,East,Mobile,34,7.84,False,high
544,2025-04-13 19:22:29,Headphones,10.0,7,West,Mobile,28,1.06,False,low
545,2025-04-13 19:22:29,Headphones,10.0,5,East,Tablet,33,2.58,True,low
546,2025-04-13 19:22:29,Headphones,10.0,7,North,Mobile,30,10.52,True,low
547,2025-04-13 19:22:29,Smartphone,10.0,10,North,Mobile,32,4.68,False,low
548,2025-04-13 19:22:29,Keyboard,195.1,9,West,Mobile,30,1.0,True,low
549,2025-04-13 19:22:29,Smartphone,1360.14,10,West,Mobile,18,8.43,True,high
550,2025-04-13 19:22:29,Keyboard,126.88,8,East,Mobile,21,26.66,False,high
551,2025-04-13 19:22:29,Headphones,100.65,6,West,Mobile,24,9.49,False,low
552,2025-04-13 19:22:29,Smartphone,1544.57,5,South,Desktop,61,18.35,False,high
553,2025-04-13 19:22:29,Keyboard,131.48,7,North,Mobile,43,12.17,False,low
554,2025-04-13 19:22:29,Laptop,615.3,10,North,Desktop,42,12.75,False,high
555,2025-04-13 19:22:29,Smartphone,300.76,5,North,Desktop,40,1.0,True,low
556,2025-04-13 19:22:29,Keyboard,73.94,5,West,Mobile,20,1.28,False,low
557,2025-04-13 19:22:29,Keyboard,88.94,8,West,Desktop,46,1.94,True,low
558,2025-04-13 19:22:29,Keyboard,159.53,7,West,Mobile,37,23.22,False,low
559,2025-04-13 19:22:29,Monitor,10.0,12,East,Mobile,37,6.71,False,low
560,2025-04-13 19:22:29,Headphones,10.0,5,South,Mobile,46,1.0,True,low
561,2025-04-13 19:22:29,Smartphone,10.0,7,South,Mobile,44,12.6,False,low
562,2025-04-13 19:22:29,Monitor,10.56,8,East,Desktop,59,20.48,True,low
563,2025-04-13 19:22:29,Headphones,10.0,8,West,Mobile,35,9.54,False,low
564,2025-04-13 19:22:29,Smartphone,10.0,10,East,Desktop,34,5.35,False,low
565,2025-04-13 19:22:29,Laptop,2753.51,6,North,Mobile,53,7.71,True,high
566,2025-04-13 19:22:29,Headphones,10.0,9,North,Desktop,27,13.79,False,low
567,2025-04-13 19:22:29,Laptop,10.0,4,West,Desktop,43,2.34,False,low
568,2025-04-13 19:22:29,Monitor,10.0,8,North,Desktop,37,10.86,False,low
569,2025-04-13 19:22:29,Smartphone,10.0,8,South,Tablet,32,12.49,False,low
570,2025-04-13 19:22:29,Keyboard,205.77,7,West,Mobile,52,4.07,False,low
571,2025-04-13 19:22:29,Monitor,160.86,4,North,Mobile,34,4.18,False,low
572,2025-04-13 19:22:29,Laptop,2791.42,4,South,Mobile,61,27.62,False,high
573,2025-04-13 19:22:29,Headphones,10.0,5,North,Mobile,38,19.28,False,low
574,2025-04-13 19:22:29,Keyboard,10.0,10,West,Desktop,23,19.43,False,low
575,2025-04-13 19:22:29,Headphones,107.68,6,South,Desktop,61,11.77,False,low
576,2025-04-13 19:22:29,Laptop,2246.23,8,East,Mobile,31,1.0,False,high
577,2025-04-13 19:22:29,Laptop,10.0,7,East,Desktop,28,4.43,False,low
578,2025-04-13 19:22:29,Keyboard,43.24,5,West,Tablet,46,6.11,True,low
579,2025-04-13 19:22:29,Monitor,212.94,6,West,Mobile,52,5.83,True,low
580,2025-04-13 19:22:29,Headphones,259.86,8,West,Mobile,34,48.4,False,high
581,2025-04-13 19:22:29,Headphones,10.0,6,North,Desktop,44,1.29,True,low
582,2025-04-13 19:22:29,Smartphone,83.48,9,North,Mobile,23,17.25,True,low
583,2025-04-13 19:22:29,Smartphone,1706.37,7,West,Mobile,44,1.79,True,high
584,2025-04-13 19:22:29,Laptop,10.0,7,East,Mobile,31,22.42,False,low
585,2025-04-13 19:22:29,Laptop,1337.31,5,South,Mobile,63,1.0,False,low
586,2025-04-13 19:22:29,Keyboard,166.53,11,West,Mobile,32,11.66,True,low
587,2025-04-13 19:22:29,Keyboard,10.0,9,North,Mobile,24,6.08,False,low
588,2025-04-13 19:22:29,Headphones,211.76,7,North,Mobile,48,18.29,True,high
589,2025-04-13 19:22:29,Laptop,10.0,12,South,Mobile,28,7.43,True,low
590,2025-04-13 19:22:29,Headphones,10.0,6,South,Mobile,48,4.25,True,low
591,2025-04-13 19:22:29,Headphones,381.52,4,South,Mobile,33,32.26,False,high
592,2025-04-13 19:22:29,Headphones,214.67,8,East,Mobile,42,33.71,True,high
593,2025-04-13 19:22:29,Monitor,10.0,11,South,Desktop,18,1.53,False,low
594,2025-04-13 19:22:29,Keyboard,10.0,12,South,Mobile,32,2.12,True,low
595,2025-04-13 19:22:29,Laptop,10.0,10,West,Mobile,23,3.29,False,low
596,2025-04-13 19:22:29,Monitor,10.0,7,West,Mobile,44,1.36,False,low
597,2025-04-13 19:22:29,Keyboard,10.0,9,South,Mobile,46,4.68,False,low
598,2025-04-13 19:22:29,Smartphone,791.45,9,West,Mobile,32,5.15,False,low
599,2025-04-13 19:22:29,Monitor,10.0,6,East,Desktop,41,6.66,False,low
600,2025-04-13 19:22:29,Keyboard,173.49,4,South,Mobile,18,1.0,True,low
601,2025-04-13 19:22:29,Headphones,10.0,10,East,Mobile,26,2.12,False,low
602,2025-04-13 19:22:29,Keyboard,128.58,5,South,Desktop,33,1.72,False,low
603,2025-04-13 19:22:29,Headphones,10.0,5,South,Mobile,47,20.5,True,low
604,2025-04-13 19:22:29,Laptop,373.56,8,West,Desktop,44,1.02,True,low
605,2025-04-13 19:22:29,Monitor,365.65,7,South,Mobile,21,8.94,True,low
606,2025-04-13 19:22:29,Headphones,233.08,7,West,Mobile,31,16.98,False,low
607,2025-04-13 19:22:29,Headphones,10.0,7,West,Mobile,18,1.0,False,low
608,2025-04-13 19:22:29,Headphones,10.0,4,North,Desktop,44,7.14,True,low
609,2025-04-13 19:22:29,Keyboard,99.01,7,North,Mobile,28,5.42,True,low
610,2025-04-13 19:22:29,Monitor,10.0,7,South,Desktop,49,6.83,True,low
611,2025-04-13 19:22:29,Headphones,10.0,7,East,Tablet,43,16.25,False,low
612,2025-04-13 19:22:29,Laptop,2927.6,12,North,Mobile,30,6.31,False,high
613,2025-04-13 19:22:29,Keyboard,99.47,6,South,Mobile,31,2.66,True,low
614,2025-04-13 19:22:29,Keyboard,187.13,9,South,Mobile,18,4.91,True,low
615,2025-04-13 19:22:29,Laptop,10.0,10,East,Mobile,37,1.0,False,low
616,2025-04-13 19:22:29,Laptop,1822.62,10,South,Mobile,46,2.76,True,high
617,2025-04-13 19:22:29,Smartphone,492.65,7,West,Mobile,27,8.48,True,low
618,2025-04-13 19:22:29,Headphones,10.0,3,East,Mobile,26,42.59,True,low
619,2025-04-13 19:22:29,Laptop,209.58,7,North,Desktop,21,3.15,False,low
620,2025-04-13 19:22:29,Smartphone,897.07,8,South,Mobile,21,11.87,False,high
621,2025-04-13 19:22:29,Monitor,107.2,11,West,Tablet,18,1.0,True,low
622,2025-04-13 19:22:29,Headphones,10.0,8,South,Mobile,23,2.85,False,low
623,2025-04-13 19:22:29,Headphones,175.39,5,North,Desktop,43,2.06,False,low
624,2025-04-13 19:22:29,Headphones,10.0,7,West,Mobile,37,9.07,False,low
625,2025-04-13 19:22:29,Smartphone,766.43,11,East,Desktop,32,7.71,False,low
626,2025-04-13 19:22:29,Laptop,730.91,9,North,Desktop,30,21.85,False,high
627,2025-04-13 19:22:29,Monitor,109.47,11,East,Mobile,22,5.2,True,low
628,2025-04-13 19:22:29,Headphones,10.0,14,East,Mobile,37,3.38,False,low
629,2025-04-13 19:22:29,Keyboard,10.0,4,North,Mobile,45,21.63,False,low
630,2025-04-13 19:22:29,Keyboard,10.0,8,South,Desktop,18,13.48,False,low
631,2025-04-13 19:22:29,Monitor,1386.63,10,North,Desktop,45,5.42,True,high
632,2025-04-13 19:22:29,Smartphone,50.31,4,East,Mobile,30,55.25,True,high
633,2025-04-13 19:22:29,Smartphone,10.0,7,West,Mobile,18,16.55,True,low
634,2025-04-13 19:22:29,Headphones,10.0,9,West,Mobile,51,12.68,False,low
635,2025-04-13 19:22:29,Smartphone,10.0,7,South,Mobile,32,5.31,True,low
636,2025-04-13 19:22:29,Monitor,148.82,9,West,Desktop,28,1.0,False,low
637,2025-04-13 19:22:29,Laptop,165.41,5,West,Mobile,18,8.81,False,low
638,2025-04-13 19:22:29,Keyboard,10.0,5,West,Mobile,31,7.32,False,low
639,2025-04-13 19:22:29,Headphones,40.26,11,West,Mobile,45,3.42,False,low
640,2025-04-13 19:22:29,Smartphone,10.0,13,East,Mobile,57,4.4,True,low
641,2025-04-13 19:22:29,Monitor,10.0,7,South,Desktop,55,5.43,False,low
642,2025-04-13 19:22:29,Headphones,10.0,5,North,Mobile,33,9.41,True,low
643,2025-04-13 19:22:29,Keyboard,10.0,7,East,Mobile,38,22.89,False,low
644,2025-04-13 19:22:29,Headphones,104.49,6,South,Tablet,29,5.3,True,low
645,2025-04-13 19:22:29,Smartphone,1463.38,8,East,Desktop,43,1.0,True,high
646,2025-04-13 19:22:29,Monitor,366.18,7,East,Desktop,26,6.55,True,low
647,2025-04-13 19:22:29,Laptop,2525.73,4,South,Mobile,29,10.63,False,high
648,2025-04-13 19:22:29,Monitor,488.93,6,West,Mobile,54,21.08,True,high
649,2025-04-13 19:22:29,Smartphone,10.0,8,South,Desktop,67,25.28,False,low
650,2025-04-13 19:22:29,Keyboard,44.51,8,East,Mobile,27,25.27,True,low
651,2025-04-13 19:22:29,Monitor,134.87,5,East,Mobile,36,16.99,False,low
652,2025-04-13 19:22:29,Keyboard,78.15,7,North,Mobile,47,11.13,False,low
653,2025-04-13 19:22:29,Headphones,10.0,7,North,Tablet,22,1.05,False,low
654,2025-04-13 19:22:29,Smartphone,1069.03,4,South,Mobile,28,8.64,False,high
655,2025-04-13 19:22:29,Smartphone,66.28,13,West,Mobile,50,5.87,False,low
656,2025-04-13 19:22:29,Monitor,640.13,6,West,Mobile,65,1.32,True,low
657,2025-04-13 19:22:29,Laptop,1179.51,7,West,Mobile,30,4.94,True,low
658,2025-04-13 19:22:29,Monitor,533.19,6,West,Tablet,30,8.32,True,low
659,2025-04-13 19:22:29,Laptop,10.0,7,North,Desktop,58,8.96,False,low
660,2025-04-13 19:22:29,Monitor,392.86,4,North,Desktop,54,5.61,True,low
661,2025-04-13 19:22:29,Headphones,142.36,7,South,Mobile,23,28.58,True,high
662,2025-04-13 19:22:29,Monitor,321.46,6,East,Mobile,49,38.04,True,high
663,2025-04-13 19:22:29,Headphones,193.06,10,East,Desktop,19,20.52,False,low
664,2025-04-13 19:22:29,Laptop,10.0,10,North,Desktop,33,12.71,False,low
665,2025-04-13 19:22:29,Laptop,1830.86,5,North,Tablet,51,30.6,True,high
666,2025-04-13 19:22:29,Headphones,287.28,7,North,Tablet,35,2.25,False,low
667,2025-04-13 19:22:29,Smartphone,1653.07,5,East,Mobile,38,5.5,False,high
668,2025-04-13 19:22:29,Monitor,10.0,10,North,Desktop,38,5.09,True,low
669,2025-04-13 19:22:29,Monitor,1144.41,6,South,Mobile,32,8.59,False,high
670,2025-04-13 19:22:29,Smartphone,10.0,8,West,Desktop,47,7.77,False,low
671,2025-04-13 19:22:29,Laptop,134.89,18,South,Mobile,38,10.82,True,high
672,2025-04-13 19:22:29,Smartphone,86.32,10,West,Mobile,18,7.84,False,low
673,2025-04-13 19:22:29,Laptop,786.9,10,West,Desktop,31,3.16,False,low
674,2025-04-13 19:22:29,Smartphone,10.0,4,West,Mobile,23,2.64,False,low
675,2025-04-13 19:22:29,Laptop,2866.41,3,East,Mobile,49,12.76,True,high
676,2025-04-13 19:22:29,Headphones,163.83,12,South,Desktop,56,5.15,False,low
677,2025-04-13 19:22:29,Laptop,917.66,8,North,Desktop,31,13.35,True,high
678,2025-04-13 19:22:29,Monitor,10.0,5,South,Desktop,34,6.86,True,low
679,2025-04-13 19:22:29,Headphones,269.95,9,West,Desktop,19,3.63,True,low
680,2025-04-13 19:22:29,Laptop,10.0,8,South,Desktop,48,1.0,False,low
681,2025-04-13 19:22:29,Headphones,10.0,8,East,Tablet,29,1.0,True,low
682,2025-04-13 19:22:29,Smartphone,935.33,10,South,Mobile,33,8.33,True,high
683,2025-04-13 19:22:29,Keyboard,75.21,8,East,Desktop,26,4.33,False,low
684,2025-04-13 19:22:29,Monitor,10.0,10,South,Mobile,19,5.6,False,low
685,2025-04-13 19:22:29,Headphones,152.73,11,East,Desktop,40,18.54,False,high
686,2025-04-13 19:22:29,Smartphone,674.44,7,West,Mobile,45,1.78,True,low
687,2025-04-13 19:22:29,Keyboard,154.98,11,North,Mobile,33,11.88,False,low
688,2025-04-13 19:22:29,Monitor,641.96,4,East,Mobile,32,7.65,False,low
689,2025-04-13 19:22:29,Keyboard,10.0,6,West,Mobile,34,6.7,False,low
690,2025-04-13 19:22:29,Headphones,122.73,6,North,Mobile,18,1.71,True,low
691,2025-04-13 19:22:29,Monitor,541.19,5,South,Mobile,44,7.96,True,low
692,2025-04-13 19:22:29,Headphones,10.0,11,East,Desktop,53,12.93,False,low
693,2025-04-13 19:22:29,Headphones,127.5,4,West,Desktop,20,5.95,True,low
694,2025-04-13 19:22:29,Keyboard,10.0,8,South,Mobile,39,13.3,True,low
695,2025-04-13 19:22:29,Keyboard,21.51,14,South,Tablet,30,9.52,True,low
696,2025-04-13 19:22:29,Monitor,161.26,6,West,Mobile,18,31.24,False,low
697,2025-04-13 19:22:29,Laptop,10.0,8,East,Desktop,55,1.0,False,low
698,2025-04-13 19:22:29,Smartphone,1223.87,9,North,Mobile,52,6.17,False,high
699,2025-04-13 19:22:29,Laptop,194.93,7,West,Desktop,29,4.07,True,low
700,2025-04-13 19:22:29,Smartphone,267.01,12,North,Mobile,28,11.73,True,low
701,2025-04-13 19:22:29,Laptop,1755.94,7,South,Mobile,33,4.11,True,high
702,2025-04-13 19:22:29,Keyboard,175.87,4,East,Mobile,45,1.44,True,low
703,2025-04-13 19:22:29,Monitor,10.0,8,North,Desktop,20,5.08,True,low
704,2025-04-13 19:22:29,Headphones,257.85,13,East,Mobile,43,5.84,True,low
705,2025-04-13 19:22:29,Keyboard,10.0,7,North,Mobile,27,10.93,False,low
706,2025-04-13 19:22:29,Laptop,10.0,3,West,Desktop,27,6.61,True,low
707,2025-04-13 19:22:29,Smartphone,311.93,8,East,Desktop,25,7.33,False,low
708,2025-04-13 19:22:29,Laptop,1770.93,6,South,Desktop,36,3.64,True,high
709,2025-04-13 19:22:29,Laptop,10.0,8,South,Mobile,18,7.1,True,low
710,2025-04-13 19:22:29,Smartphone,518.76,11,South,Tablet,50,13.61,False,high
711,2025-04-13 19:22:29,Keyboard,51.31,6,West,Mobile,18,8.09,True,low
712,2025-04-13 19:22:29,Monitor,317.16,6,East,Desktop,31,12.67,False,low
713,2025-04-13 19:22:29,Laptop,3113.41,7,North,Mobile,39,6.34,False,high
714,2025-04-13 19:22:29,Laptop,1855.95,5,West,Mobile,44,1.0,False,high
715,2025-04-13 19:22:29,Monitor,575.36,7,East,Mobile,53,2.51,False,low
716,2025-04-13 19:22:29,Laptop,10.0,12,East,Mobile,25,14.53,False,low
717,2025-04-13 19:22:29,Monitor,10.0,13,South,Mobile,35,1.0,False,low
718,2025-04-13 19:22:29,Headphones,43.54,6,South,Desktop,18,26.64,False,low
719,2025-04-13 19:22:29,Smartphone,899.45,10,South,Mobile,44,6.17,False,high
720,2025-04-13 19:22:29,Smartphone,10.0,12,East,Desktop,19,54.07,False,low
721,2025-04-13 19:22:29,Laptop,1466.22,12,East,Mobile,47,6.57,False,high
722,2025-04-13 19:22:29,Monitor,206.99,7,North,Mobile,25,5.58,False,low
723,2025-04-13 19:22:29,Headphones,10.0,5,West,Tablet,52,8.09,False,low
724,2025-04-13 19:22:29,Smartphone,1939.26,9,East,Mobile,18,16.71,False,high
725,2025-04-13 19:22:29,Keyboard,169.63,5,West,Desktop,22,8.17,True,low
726,2025-04-13 19:22:29,Laptop,509.59,1,North,Mobile,43,1.85,False,low
727,2025-04-13 19:22:29,Headphones,458.72,4,North,Mobile,42,9.29,True,low
728,2025-04-13 19:22:29,Smartphone,946.45,8,South,Mobile,62,3.62,False,low
729,2025-04-13 19:22:29,Headphones,10.0,5,East,Mobile,19,2.92,True,low
730,2025-04-13 19:22:29,Laptop,10.0,8,South,Mobile,24,14.13,False,low
731,2025-04-13 19:22:29,Laptop,1887.62,9,South,Mobile,19,6.64,False,high
732,2025-04-13 19:22:29,Monitor,10.0,7,West,Mobile,50,16.92,True,low
733,2025-04-13 19:22:29,Smartphone,10.0,10,West,Mobile,28,20.08,True,high
734,2025-04-13 19:22:29,Laptop,928.39,8,North,Mobile,31,2.75,False,low
735,2025-04-13 19:22:29,Keyboard,10.0,3,North,Mobile,26,24.33,False,low
736,2025-04-13 19:22:29,Smartphone,600.75,8,North,Desktop,44,8.27,False,low
737,2025-04-13 19:22:29,Headphones,10.0,4,North,Desktop,32,23.41,True,low
738,2025-04-13 19:22:29,Smartphone,990.26,6,North,Tablet,18,8.75,False,low
739,2025-04-13 19:22:29,Keyboard,10.0,13,South,Mobile,35,8.14,True,low
740,2025-04-13 19:22:29,Smartphone,258.75,6,North,Mobile,60,1.76,False,low
741,2025-04-13 19:22:29,Smartphone,10.0,11,South,Mobile,36,3.85,False,low
742,2025-04-13 19:22:29,Laptop,15.72,4,East,Tablet,26,1.08,True,low
743,2025-04-13 19:22:29,Laptop,1132.35,5,South,Tablet,34,18.76,False,high
744,2025-04-13 19:22:29,Smartphone,1938.96,5,North,Tablet,45,1.27,False,high
745,2025-04-13 19:22:29,Monitor,1113.91,10,North,Mobile,31,3.29,False,high
746,2025-04-13 19:22:29,Smartphone,10.0,10,West,Desktop,29,6.89,True,low
747,2025-04-13 19:22:29,Laptop,10.0,4,West,Desktop,30,9.85,True,low
748,2025-04-13 19:22:29,Smartphone,1214.26,9,South,Mobile,48,3.58,False,high
749,2025-04-13 19:22:29,Smartphone,1089.08,6,North,Desktop,42,1.83,False,low
750,2025-04-13 19:22:29,Monitor,189.52,9,West,Mobile,31,11.36,False,low
751,2025-04-13 19:22:29,Laptop,1398.9,10,North,Mobile,28,7.9,True,high
752,2025-04-13 19:22:29,Smartphone,172.96,6,South,Desktop,18,12.01,False,low
753,2025-04-13 19:22:29,Laptop,578.96,4,West,Desktop,48,11.06,True,low
754,2025-04-13 19:22:29,Keyboard,24.47,9,West,Mobile,27,17.73,False,low
755,2025-04-13 19:22:29,Monitor,10.0,7,West,Mobile,22,7.39,True,low
756,2025-04-13 19:22:29,Keyboard,10.0,9,South,Mobile,59,12.88,False,low
757,2025-04-13 19:22:29,Monitor,290.61,9,North,Desktop,24,8.05,False,low
758,2025-04-13 19:22:29,Monitor,10.0,8,South,Tablet,18,2.88,True,low
759,2025-04-13 19:22:29,Smartphone,10.0,10,East,Mobile,55,1.13,False,low
760,2025-04-13 19:22:29,Laptop,415.76,9,South,Mobile,50,4.78,False,low
761,2025-04-13 19:22:29,Headphones,244.24,14,East,Tablet,31,37.13,False,high
762,2025-04-13 19:22:29,Smartphone,407.7,8,South,Mobile,46,3.27,True,low
763,2025-04-13 19:22:29,Monitor,10.0,8,North,Desktop,38,17.47,True,low
764,2025-04-13 19:22:29,Keyboard,10.0,10,South,Mobile,37,18.18,True,low
765,2025-04-13 19:22:29,Headphones,457.15,12,East,Mobile,31,50.79,True,high
766,2025-04-13 19:22:29,Laptop,539.19,5,South,Desktop,51,36.51,True,high
767,2025-04-13 19:22:29,Headphones,10.0,10,North,Mobile,18,2.9,False,low
768,2025-04-13 19:22:29,Smartphone,1335.73,3,East,Desktop,43,27.66,False,high
769,2025-04-13 19:22:29,Monitor,678.9,3,North,Mobile,21,7.52,False,low
770,2025-04-13 19:22:29,Smartphone,10.0,2,North,Desktop,43,13.44,False,low
771,2025-04-13 19:22:29,Laptop,10.0,8,East,Desktop,33,9.68,False,low
772,2025-04-13 19:22:29,Keyboard,280.01,10,North,Mobile,38,13.8,True,low
773,2025-04-13 19:22:29,Smartphone,10.0,6,West,Desktop,45,23.58,False,low
774,2025-04-13 19:22:29,Monitor,425.59,9,South,Desktop,33,19.54,False,low
775,2025-04-13 19:22:29,Keyboard,10.0,11,East,Mobile,36,5.27,False,low
776,2025-04-13 19:22:29,Smartphone,285.31,9,West,Mobile,38,2.93,False,low
777,2025-04-13 19:22:29,Smartphone,1070.46,8,South,Desktop,42,20.49,False,high
778,2025-04-13 19:22:29,Keyboard,115.3,9,West,Desktop,39,4.43,False,low
779,2025-04-13 19:22:29,Keyboard,10.0,11,North,Mobile,34,14.07,True,low
780,2025-04-13 19:22:29,Keyboard,10.0,14,South,Desktop,45,27.27,True,high
781,2025-04-13 19:22:29,Headphones,10.0,7,South,Mobile,28,23.96,True,low
782,2025-04-13 19:22:29,Monitor,10.0,5,East,Mobile,27,3.36,False,low
783,2025-04-13 19:22:29,Laptop,751.24,7,East,Mobile,31,31.03,True,high
784,2025-04-13 19:22:29,Smartphone,514.43,9,North,Mobile,32,8.9,False,low
785,2025-04-13 19:22:29,Laptop,4114.41,7,North,Mobile,24,1.0,False,high
786,2025-04-13 19:22:29,Smartphone,1078.63,9,West,Mobile,21,19.13,True,high
787,2025-04-13 19:22:29,Keyboard,240.23,6,West,Mobile,26,7.48,False,low
788,2025-04-13 19:22:29,Keyboard,362.15,8,South,Mobile,18,10.4,True,low
789,2025-04-13 19:22:29,Laptop,10.0,8,East,Mobile,31,9.1,True,low
790,2025-04-13 19:22:29,Laptop,3642.72,3,North,Mobile,31,3.58,False,high
791,2025-04-13 19:22:29,Smartphone,959.34,8,North,Mobile,23,15.45,False,high
792,2025-04-13 19:22:29,Laptop,2350.44,6,East,Mobile,28,4.33,False,high
793,2025-04-13 19:22:29,Headphones,10.0,12,North,Mobile,26,30.93,False,low
794,2025-04-13 19:22:29,Keyboard,88.54,6,West,Mobile,26,4.52,True,low
795,2025-04-13 19:22:29,Smartphone,10.0,14,South,Mobile,18,9.83,False,low
796,2025-04-13 19:22:29,Keyboard,10.0,9,East,Desktop,45,34.91,True,low
797,2025-04-13 19:22:29,Laptop,1446.51,8,North,Mobile,32,1.0,False,high
798,2025-04-13 19:22:29,Headphones,310.97,6,South,Mobile,18,1.0,True,low
799,2025-04-13 19:22:29,Laptop,2372.18,4,East,Desktop,36,8.89,False,high
800,2025-04-13 19:22:29,Headphones,142.65,6,South,Mobile,48,10.54,True,low
801,2025-04-13 19:22:29,Monitor,66.59,7,North,Mobile,25,17.99,True,low
802,2025-04-13 19:22:29,Headphones,361.24,9,West,Mobile,18,1.0,False,low
803,2025-04-13 19:22:29,Laptop,2519.73,6,West,Mobile,26,1.0,False,high
804,2025-04-13 19:22:29,Monitor,958.52,8,South,Mobile,25,8.6,True,high
805,2025-04-13 19:22:29,Headphones,132.29,14,East,Mobile,48,9.54,True,high
806,2025-04-13 19:22:29,Laptop,698.83,10,South,Desktop,49,29.69,False,high
807,2025-04-13 19:22:29,Laptop,1290.76,13,East,Desktop,34,6.17,False,high
808,2025-04-13 19:22:29,Keyboard,10.0,4,South,Mobile,37,5.37,False,low
809,2025-04-13 19:22:29,Keyboard,127.24,11,West,Tablet,18,1.83,False,low
810,2025-04-13 19:22:29,Headphones,241.54,10,South,Mobile,41,1.0,True,low
811,2025-04-13 19:22:29,Laptop,233.86,6,South,Mobile,18,3.2,False,low
812,2025-04-13 19:22:29,Smartphone,507.14,12,South,Tablet,32,4.04,False,low
813,2025-04-13 19:22:29,Smartphone,10.0,12,North,Mobile,50,2.35,False,low
814,2025-04-13 19:22:29,Headphones,10.0,10,South,Tablet,29,12.82,False,low
815,2025-04-13 19:22:29,Keyboard,201.33,10,East,Mobile,30,4.26,False,low
816,2025-04-13 19:22:29,Laptop,894.85,9,North,Mobile,31,18.01,True,high
817,2025-04-13 19:22:29,Monitor,723.78,4,East,Mobile,40,28.76,False,high
818,2025-04-13 19:22:29,Laptop,1340.29,11,West,Mobile,36,11.0,True,high
819,2025-04-13 19:22:29,Keyboard,10.0,7,North,Tablet,43,2.58,False,low
820,2025-04-13 19:22:29,Laptop,3064.17,7,East,Desktop,18,12.39,False,high
821,2025-04-13 19:22:29,Headphones,44.29,7,East,Mobile,37,5.34,False,low
822,2025-04-13 19:22:29,Keyboard,286.77,9,West,Mobile,27,20.89,True,low
823,2025-04-13 19:22:29,Smartphone,10.0,8,West,Mobile,37,12.65,False,low
824,2025-04-13 19:22:29,Monitor,319.38,5,South,Mobile,33,9.48,False,low
825,2025-04-13 19:22:29,Monitor,10.0,7,East,Mobile,22,9.27,False,low
826,2025-04-13 19:22:29,Monitor,432.39,5,East,Mobile,43,29.43,False,low
827,2025-04-13 19:22:29,Laptop,10.0,6,South,Mobile,21,10.92,False,low
828,2025-04-13 19:22:29,Headphones,10.0,3,East,Mobile,18,1.0,False,low
829,2025-04-13 19:22:29,Laptop,1065.14,12,South,Mobile,28,1.22,False,low
830,2025-04-13 19:22:29,Headphones,10.0,9,West,Desktop,37,4.83,False,low
831,2025-04-13 19:22:29,Laptop,2159.27,6,South,Mobile,43,16.06,False,high
832,2025-04-13 19:22:29,Headphones,47.32,12,South,Desktop,37,16.01,False,low
833,2025-04-13 19:22:29,Keyboard,10.56,9,North,Mobile,27,17.01,False,low
834,2025-04-13 19:22:29,Smartphone,280.68,5,North,Mobile,36,14.42,False,low
835,2025-04-13 19:22:29,Monitor,741.36,10,South,Mobile,32,1.0,False,low
836,2025-04-13 19:22:29,Keyboard,10.0,11,West,Desktop,24,11.2,True,low
837,2025-04-13 19:22:29,Laptop,440.67,12,South,Mobile,25,17.82,False,low
838,2025-04-13 19:22:29,Smartphone,106.66,4,West,Mobile,45,5.1,True,low
839,2025-04-13 19:22:29,Smartphone,10.0,7,East,Desktop,39,2.39,False,low
840,2025-04-13 19:22:29,Monitor,1025.57,9,North,Mobile,28,5.15,True,high
841,2025-04-13 19:22:29,Keyboard,10.0,9,South,Desktop,43,11.28,False,low
842,2025-04-13 19:22:29,Smartphone,855.95,7,East,Desktop,18,4.81,False,low
843,2025-04-13 19:22:29,Laptop,2867.21,6,West,Tablet,36,14.13,False,high
844,2025-04-13 19:22:29,Keyboard,307.22,11,North,Mobile,41,16.61,False,low
845,2025-04-13 19:22:29,Monitor,10.0,13,East,Mobile,31,2.93,True,low
846,2025-04-13 19:22:29,Monitor,53.46,4,West,Mobile,47,14.04,False,low
847,2025-04-13 19:22:29,Keyboard,10.0,8,West,Mobile,40,12.56,True,low
848,2025-04-13 19:22:29,Monitor,848.92,9,East,Mobile,49,7.24,True,high
849,2025-04-13 19:22:29,Laptop,173.68,9,East,Tablet,44,2.73,False,low
850,2025-04-13 19:22:29,Monitor,64.41,5,East,Desktop,34,1.23,False,low
851,2025-04-13 19:22:29,Monitor,51.74,15,South,Mobile,31,5.16,False,low
852,2025-04-13 19:22:29,Laptop,2378.82,11,West,Desktop,18,15.22,False,high
853,2025-04-13 19:22:29,Laptop,10.0,5,West,Tablet,26,9.59,True,low
854,2025-04-13 19:22:29,Headphones,10.0,6,West,Mobile,37,13.07,True,low
855,2025-04-13 19:22:29,Keyboard,10.0,10,South,Mobile,23,4.24,False,low
856,2025-04-13 19:22:29,Keyboard,87.52,10,West,Tablet,23,11.89,False,low
857,2025-04-13 19:22:29,Keyboard,10.0,8,East,Desktop,38,2.34,False,low
858,2025-04-13 19:22:29,Keyboard,10.0,11,South,Mobile,18,1.0,False,low
859,2025-04-13 19:22:29,Monitor,10.0,12,South,Tablet,58,2.97,False,low
860,2025-04-13 19:22:29,Laptop,376.12,9,South,Mobile,29,13.02,False,low
861,2025-04-13 19:22:29,Monitor,336.42,7,West,Desktop,47,2.55,True,low
862,2025-04-13 19:22:29,Monitor,10.0,8,East,Mobile,34,1.0,True,low
863,2025-04-13 19:22:29,Laptop,10.0,11,North,Mobile,34,16.16,True,low
864,2025-04-13 19:22:29,Laptop,849.16,6,West,Mobile,35,9.01,False,low
865,2025-04-13 19:22:29,Smartphone,1049.77,11,South,Tablet,18,15.71,True,high
866,2025-04-13 19:22:29,Keyboard,74.31,5,West,Mobile,37,1.0,False,low
867,2025-04-13 19:22:29,Smartphone,1713.77,12,North,Mobile,31,3.54,False,high
868,2025-04-13 19:22:29,Smartphone,10.0,5,East,Desktop,49,1.0,True,low
869,2025-04-13 19:22:29,Monitor,472.42,9,South,Desktop,19,25.21,True,high
870,2025-04-13 19:22:29,Smartphone,936.91,6,West,Desktop,29,1.0,False,low
871,2025-04-13 19:22:29,Smartphone,92.68,6,West,Desktop,24,6.62,False,low
872,2025-04-13 19:22:29,Headphones,131.74,8,West,Mobile,30,11.85,False,low
873,2025-04-13 19:22:29,Monitor,290.12,11,North,Desktop,45,1.0,False,low
874,2025-04-13 19:22:29,Keyboard,10.0,8,South,Mobile,18,7.6,True,low
875,2025-04-13 19:22:29,Smartphone,10.0,6,South,Desktop,30,27.9,True,low
876,2025-04-13 19:22:29,Smartphone,1406.17,12,North,Mobile,19,2.37,False,high
877,2025-04-13 19:22:29,Smartphone,490.63,8,North,Desktop,39,5.94,True,high
878,2025-04-13 19:22:29,Monitor,162.34,11,West,Desktop,18,6.04,False,low
879,2025-04-13 19:22:29,Monitor,284.43,11,West,Desktop,37,30.43,False,high
880,2025-04-13 19:22:29,Monitor,333.36,11,West,Mobile,51,20.82,True,high
881,2025-04-13 19:22:29,Headphones,10.0,5,North,Mobile,32,9.87,False,low
882,2025-04-13 19:22:29,Smartphone,2297.83,7,South,Desktop,49,20.64,False,high
883,2025-04-13 19:22:29,Smartphone,1532.33,10,North,Mobile,23,17.15,False,high
884,2025-04-13 19:22:29,Laptop,2912.93,13,West,Desktop,33,3.2,True,high
885,2025-04-13 19:22:29,Keyboard,10.0,9,North,Mobile,29,6.68,True,low
886,2025-04-13 19:22:29,Laptop,1407.55,3,North,Mobile,24,4.97,True,high
887,2025-04-13 19:22:29,Headphones,10.0,11,West,Mobile,33,9.3,True,low
888,2025-04-13 19:22:29,Smartphone,10.0,9,South,Desktop,34,9.0,False,low
889,2025-04-13 19:22:29,Monitor,547.86,8,West,Desktop,37,4.34,False,low
890,2025-04-13 19:22:29,Monitor,443.89,9,South,Mobile,18,1.0,False,low
891,2025-04-13 19:22:29,Keyboard,10.0,8,North,Mobile,33,34.61,False,low
892,2025-04-13 19:22:29,Headphones,82.99,6,South,Desktop,37,1.2,False,low
893,2025-04-13 19:22:29,Keyboard,131.55,13,South,Mobile,33,9.43,False,low
894,2025-04-13 19:22:29,Smartphone,10.0,11,North,Mobile,49,3.46,False,low
895,2025-04-13 19:22:29,Headphones,10.0,10,East,Mobile,43,3.2,True,low
896,2025-04-13 19:22:29,Laptop,1680.59,9,North,Desktop,35,1.0,False,high
897,2025-04-13 19:22:29,Smartphone,748.32,8,North,Desktop,36,21.4,True,high
898,2025-04-13 19:22:29,Laptop,617.79,6,East,Desktop,39,4.17,False,low
899,2025-04-13 19:22:29,Monitor,1181.03,7,East,Mobile,40,2.38,True,low
900,2025-04-13 19:22:29,Smartphone,872.47,7,North,Desktop,42,17.75,True,high
901,2025-04-13 19:22:29,Monitor,10.0,7,West,Desktop,37,23.11,True,low
902,2025-04-13 19:22:29,Laptop,1854.88,13,North,Desktop,18,9.17,False,high
903,2025-04-13 19:22:29,Smartphone,10.0,7,East,Mobile,31,35.77,False,low
904,2025-04-13 19:22:29,Keyboard,57.05,11,East,Desktop,23,42.67,True,high
905,2025-04-13 19:22:29,Monitor,349.59,9,South,Mobile,35,63.81,False,high
906,2025-04-13 19:22:29,Headphones,10.0,6,East,Desktop,48,6.32,False,low
907,2025-04-13 19:22:29,Headphones,10.0,7,West,Desktop,60,12.22,False,low
908,2025-04-13 19:22:29,Laptop,10.0,6,South,Desktop,47,17.73,True,low
909,2025-04-13 19:22:29,Smartphone,804.15,4,North,Mobile,43,16.32,False,low
910,2025-04-13 19:22:29,Keyboard,10.0,8,West,Mobile,21,2.07,True,low
911,2025-04-13 19:22:29,Monitor,899.64,13,North,Desktop,28,18.46,False,high
912,2025-04-13 19:22:29,Smartphone,10.0,2,West,Tablet,55,1.0,True,low
913,2025-04-13 19:22:29,Headphones,109.54,4,West,Mobile,56,12.77,True,low
914,2025-04-13 19:22:29,Monitor,10.0,5,North,Desktop,32,9.3,False,low
915,2025-04-13 19:22:29,Keyboard,237.12,12,South,Tablet,42,4.87,False,low
916,2025-04-13 19:22:29,Monitor,511.99,6,North,Mobile,45,9.03,False,low
917,2025-04-13 19:22:29,Headphones,10.0,9,East,Desktop,42,10.18,False,low
918,2025-04-13 19:22:29,Smartphone,10.0,5,North,Mobile,18,3.25,False,low
919,2025-04-13 19:22:29,Keyboard,10.0,9,West,Desktop,40,10.48,False,low
920,2025-04-13 19:22:29,Laptop,1387.82,11,West,Mobile,22,1.0,True,high
921,2025-04-13 19:22:29,Monitor,303.87,11,North,Mobile,42,24.89,False,low
922,2025-04-13 19:22:29,Headphones,10.0,5,West,Desktop,30,7.75,True,low
923,2025-04-13 19:22:29,Headphones,187.54,9,West,Mobile,37,1.0,False,low
924,2025-04-13 19:22:29,Monitor,748.59,11,North,Tablet,25,11.48,False,high
925,2025-04-13 19:22:29,Laptop,10.0,10,North,Mobile,44,1.52,True,low
926,2025-04-13 19:22:29,Keyboard,10.0,7,North,Desktop,37,1.2,False,low
927,2025-04-13 19:22:29,Keyboard,10.0,11,East,Desktop,26,9.9,False,low
928,2025-04-13 19:22:29,Headphones,10.0,11,East,Mobile,26,13.86,True,low
929,2025-04-13 19:22:29,Smartphone,10.0,3,West,Mobile,46,4.67,False,low
930,2025-04-13 19:22:29,Keyboard,10.0,10,West,Desktop,39,12.65,True,low
931,2025-04-13 19:22:29,Headphones,101.22,10,North,Mobile,51,1.0,False,low
932,2025-04-13 19:22:29,Laptop,753.3,12,East,Mobile,39,11.92,False,high
933,2025-04-13 19:22:29,Monitor,479.03,6,East,Desktop,40,1.59,True,low
934,2025-04-13 19:22:29,Smartphone,10.0,6,West,Mobile,36,4.35,False,low
935,2025-04-13 19:22:29,Headphones,10.0,10,North,Mobile,18,28.68,True,low
936,2025-04-13 19:22:29,Laptop,10.0,9,West,Mobile,36,32.15,False,low
937,2025-04-13 19:22:29,Smartphone,801.09,9,East,Mobile,34,9.76,False,high
938,2025-04-13 19:22:29,Keyboard,113.32,6,North,Desktop,58,4.15,False,low
939,2025-04-13 19:22:29,Keyboard,14.89,10,South,Tablet,30,1.0,True,low
940,2025-04-13 19:22:29,Laptop,2982.12,11,West,Desktop,57,7.06,False,high
941,2025-04-13 19:22:29,Keyboard,90.38,12,South,Desktop,40,1.0,True,low
942,2025-04-13 19:22:29,Smartphone,10.0,5,North,Mobile,25,7.51,False,low
943,2025-04-13 19:22:29,Monitor,24.04,11,West,Mobile,29,13.11,False,low
944,2025-04-13 19:22:29,Smartphone,10.0,7,East,Mobile,42,1.84,True,low
945,2025-04-13 19:22:29,Monitor,441.69,6,West,Desktop,29,23.94,True,high
946,2025-04-13 19:22:29,Keyboard,10.0,8,East,Desktop,35,29.5,False,low
947,2025-04-13 19:22:29,Monitor,10.0,14,South,Mobile,27,3.64,False,low
948,2025-04-13 19:22:29,Monitor,10.0,7,East,Tablet,18,10.25,True,low
949,2025-04-13 19:22:29,Smartphone,10.0,9,East,Desktop,28,15.92,False,low
950,2025-04-13 19:22:29,Keyboard,10.0,17,West,Mobile,27,1.86,False,low
951,2025-04-13 19:22:29,Headphones,10.0,2,East,Desktop,19,4.4,False,low
952,2025-04-13 19:22:29,Laptop,123.89,9,North,Mobile,18,2.52,True,low
953,2025-04-13 19:22:29,Laptop,883.87,8,South,Mobile,36,1.11,False,low
954,2025-04-13 19:22:29,Monitor,1029.03,8,East,Mobile,41,21.67,True,high
955,2025-04-13 19:22:29,Monitor,10.0,8,South,Desktop,32,24.64,True,low
956,2025-04-13 19:22:29,Headphones,43.69,5,North,Desktop,21,2.09,False,low
957,2025-04-13 19:22:29,Keyboard,116.86,10,South,Desktop,35,18.91,False,low
958,2025-04-13 19:22:29,Smartphone,10.0,8,East,Desktop,47,7.12,True,low
959,2025-04-13 19:22:29,Headphones,63.48,10,West,Mobile,18,10.94,False,low
960,2025-04-13 19:22:29,Monitor,10.0,9,North,Mobile,47,1.0,True,low
961,2025-04-13 19:22:29,Keyboard,10.0,8,West,Desktop,40,12.94,False,low
962,2025-04-13 19:22:29,Monitor,10.0,7,South,Desktop,50,3.09,False,low
963,2025-04-13 19:22:29,Monitor,10.0,8,West,Mobile,32,3.96,False,low
964,2025-04-13 19:22:29,Smartphone,663.0,9,South,Desktop,20,8.15,True,low
965,2025-04-13 19:22:29,Laptop,10.0,4,West,Mobile,21,35.48,True,low
966,2025-04-13 19:22:29,Smartphone,10.0,11,East,Mobile,50,6.15,False,low
967,2025-04-13 19:22:29,Smartphone,10.0,8,North,Mobile,58,1.0,True,low
968,2025-04-13 19:22:29,Laptop,10.0,10,East,Mobile,34,4.41,False,low
969,2025-04-13 19:22:29,Monitor,10.0,10,North,Desktop,22,4.8,True,low
970,2025-04-13 19:22:29,Smartphone,10.0,8,South,Mobile,18,9.66,False,low
971,2025-04-13 19:22:29,Smartphone,10.0,9,West,Mobile,20,9.86,False,low
972,2025-04-13 19:22:29,Monitor,10.0,5,South,Desktop,26,1.0,False,low
973,2025-04-13 19:22:29,Monitor,10.0,7,East,Mobile,34,1.0,False,low
974,2025-04-13 19:22:29,Keyboard,114.22,9,West,Tablet,29,7.35,False,low
975,2025-04-13 19:22:29,Laptop,636.21,13,North,Desktop,40,22.38,False,high
976,2025-04-13 19:22:29,Keyboard,10.0,6,South,Tablet,20,4.48,False,low
977,2025-04-13 19:22:29,Monitor,760.21,8,West,Tablet,29,1.0,False,low
978,2025-04-13 19:22:29,Headphones,10.0,4,East,Mobile,56,15.18,True,low
979,2025-04-13 19:22:29,Keyboard,66.81,8,East,Mobile,52,2.56,False,low
980,2025-04-13 19:22:29,Headphones,10.0,7,North,Mobile,40,29.14,False,low
981,2025-04-13 19:22:29,Monitor,607.43,6,North,Tablet,28,19.48,True,high
982,2025-04-13 19:22:29,Keyboard,195.4,8,North,Desktop,37,2.9,True,low
983,2025-04-13 19:22:29,Smartphone,10.0,9,West,Desktop,41,16.68,True,low
984,2025-04-13 19:22:29,Headphones,146.11,5,North,Desktop,27,4.41,True,low
985,2025-04-13 19:22:29,Headphones,443.2,7,East,Mobile,35,7.72,True,low
986,2025-04-13 19:22:29,Smartphone,10.0,7,East,Mobile,47,1.0,False,low
987,2025-04-13 19:22:29,Smartphone,10.0,8,East,Mobile,33,6.77,False,low
988,2025-04-13 19:22:29,Headphones,321.66,8,West,Mobile,22,5.53,True,low
989,2025-04-13 19:22:29,Laptop,559.94,8,North,Desktop,50,18.83,False,high
990,2025-04-13 19:22:29,Keyboard,10.0,13,North,Desktop,54,1.0,True,low
991,2025-04-13 19:22:29,Keyboard,234.46,7,North,Mobile,31,20.9,False,high
992,2025-04-13 19:22:29,Keyboard,10.0,4,North,Mobile,29,3.38,False,low
993,2025-04-13 19:22:29,Headphones,108.28,13,West,Desktop,28,14.4,True,low
994,2025-04-13 19:22:29,Smartphone,728.82,8,South,Mobile,22,6.44,True,low
995,2025-04-13 19:22:29,Keyboard,10.0,7,East,Tablet,38,15.47,True,low
996,2025-04-13 19:22:29,Monitor,10.0,10,North,Mobile,31,3.83,False,low
997,2025-04-13 19:22:29,Laptop,1687.36,8,North,Mobile,48,2.39,False,high
998,2025-04-13 19:22:29,Keyboard,10.0,6,North,Mobile,30,6.25,False,low
999,2025-04-13 19:22:29,Monitor,10.0,7,South,Mobile,50,14.62,False,low
